"CAS","Name","study_pk","route","study_duration","reliability","dummy","Jahr","adrenal.gland","Adrenal.gland_Weight.increased","bladder","body.weight","Body.weight.decreased","body.weight.gain.decreased","bone","bone.marrow","brain","ClinChem_Hepatotox","ClinChem_Nephrotox","CNS","female.reproductive.organ","haematology","haematopoiesis","heart","intestine","kidney","Kidney_degeneration","Kidney_Inflammation.Regeneration","Kidney_rat_specific_nephropathy","kidney_weight_increased","liver","Liver_Degeneration","Liver_hypertrophy","liver_inflammation..regeneration","Liver_weight_increased","male.accessory.gland","male.reproductive.organ","male.reproductive.organ_degeneration","RBC","RBC_Erythrocytes","RBC_haematocrit","RBC_Haemoglobin","spleen","thymus","thyroid.gland","WBC","WBC_leucocytes","WBC_lymphocytes"
111308,"Glutaraldehyde",382,"inhalation",91,"A",,1981,,,,,1,,,,,,,,,1,,1,,,,,,1,,,,,,,1,,,1,,1,,1,,,1,1
103719,"Phenyl isocyanate",985,"inhalation",28,"A",,1981,,,,,1,,,,,,,,,,,,,,,,,,1,,,,,,1,,,1,1,,1,1,,,,
115297,"Endosulfan",4402,"feed",91,"A",,1981,,,,,,,,,1,,,,,,,,,1,,,,1,,,,,1,,1,,,1,1,,,,,,,
17924924,"Zeralenone",4512,"feed",91,"B",,,,,,,1,,1,,,,,,1,,,,,,,,,,,,,,,1,1,1,,,,,,,,,,
534521,"4,6-Dinitro-o-cresol",865,"feed",90,"B",,,,,,,1,,,,,,1,,1,,,,,,,,,,,,,,,,1,,,,,,,1,1,,,
99092,"3-Nitro-benzeneamine",2138,"gavage",28,"B",,,,,,,1,,,1,,,,,,2,,,,2,,,,1,,,1,,1,,1,1,1,,,,1,,,,,
98000,"Furfuryl alcohol",1701,"inhalation",98,"A",,1981,,,,,1,,,,,,,,,,,,,,,,,,1,,,,,,1,,,,,,,,,,,
121733,"m-Chloronitrobenzene",1688,"gavage",28,"A",,1981,,,,,1,,,,,,,,,1,1,,,,,,,,,,1,,1,,1,1,,1,1,1,1,,,,,
606202,"2,6-Dinitrotoluene",525,"feed",90,"B",,,,,,,1,,,,,,,,,1,1,,,,,,,,1,,,,,,1,1,,1,,,,,,,,
6055523,"1,6-Hexanediamine Dihydrochloride",2457,"inhalation",91,"A",,1981,,,,,1,,,,,,,,,1,,1,,,,,,,,,,,,,1,,,,,,,1,,1,1,1
599791,"Salicylazosulfapyridine",1868,"gavage",91,"A",,,,,,,1,,,,,,,,,,,,,,,,,1,,,,,,,1,,,,,,,,1,,,
121733,"m-Chloronitrobenzene",1685,"inhalation",91,"B",,,,,,,,,,,,,,,1,1,1,,,,1,,,,,,,,1,,1,1,1,,,,1,1,,,,
80079,"p,p-Dichlorodiphenyl sulfone",1922,"feed",98,"A",,1998,,,,,1,,,,,,1,,,1,,,,,,1,,1,,,1,,1,,1,,,1,,1,,1,,,,
79345,"1,1,2,2-Tetrachloroethane",2112,"feed",98,"A",,1998,,,,,1,,2,,,,1,,1,1,,,,1,,,,1,1,1,2,1,1,1,1,1,,,,,2,2,,,,
592416,"1-Hexene",1182,"inhalation",90,"A",,1981,,,,,1,,,,,,,,,,,,,,,,,,,,,,,,1,,,1,1,1,,,,,,
129793,"Trinitrofluorenone",2034,"feed",91,"A",,1981,1,,,,1,,2,,1,,,,2,2,2,2,1,1,1,2,,1,2,,,2,1,2,1,2,1,,,2,,1,1,,,
79061,"Acrylamide",441,"drinking water",90,"A",,,,,1,,1,,,,1,,,1,1,,,1,,1,,,,1,,,,,1,1,1,1,,1,,1,,1,,,,
96184,"1,2,3-Trichloropropane",60,"gavage",90,"A",,1981,,,,,1,,,,1,,1,,,,,1,,,,,,1,1,,,,1,,1,,,,,,,,,,,
59870,"Nitrofurazone",3648,"feed",91,"B",,,,,,,1,,1,,,,,1,1,,,,,,,,,,,,,,1,,1,1,,,,,,,,,,
118967,"2,4,6-Trinitrotoluene",1172,"feed",91,"A",,1981,,,,,1,,,,1,,,,,2,,,,,,,,,2,,1,,1,,1,1,1,1,,1,1,,,,,
142836,"2,4-Hexadienal",2449,"gavage",98,"A",,1998,,,,,1,,,,,,,,,,,1,,2,,,,,2,,,,,,1,,,1,,,2,,,,,
110861,"Pyridine",3688,"drinking water",91,"A",,1998,,,,,1,,,,,,,,1,1,,1,,,,,1,1,1,1,2,1,1,,1,,1,1,1,1,,,,,,
66246886,"Penconazole",4447,"feed",91,"A",,1981,,,,,1,,,,1,,,,,,,,,,,,,1,,,2,,1,,1,,,,,,,1,,,,
99990,"p-Nitrotoluene",3773,"feed",91,"A",,1981,,,,,2,,,,,,1,,2,2,1,1,,1,,,1,2,,,,,2,,1,2,2,,,2,1,1,,,,
126987,"Methacrylonitrile",2456,"gavage",91,"A",,1998,,,,,1,,,,,,1,1,1,2,,1,,2,,,,1,,,,,1,,1,,,,,1,,1,,,,2
109864,"Ethylene glycol monomethyl ether",2275,"drinking water",91,"A",,1981,,,,,2,,2,1,,,1,1,2,1,,,,,,,,,,,,,,2,1,1,1,1,1,1,2,1,,2,1,1
822366,"4-Methylimidazole",2019,"feed",98,"A",,1998,,,,,2,,,,,,2,2,2,2,,,,,,,,2,2,2,,,2,2,1,2,1,,,,2,,2,,,
4180238,"trans-Anethole",970,"feed",90,"B",,,2,,,,2,,,,1,2,2,,1,2,,1,,2,,,,,2,,,,,1,1,,,2,,2,1,1,2,,,
119619,"Benzophenone",2039,"feed",98,"A",,1998,,,,,1,,,2,,,2,2,,,,1,,1,1,1,,1,1,1,1,,1,2,1,2,2,2,2,1,,2,,,,
120321,"o-Benzyl-p-Chlorophenol",2448,"gavage",91,"A",,1981,,,,,,,,,1,1,,,,,,2,,,,2,,1,,,,,,,1,,,1,1,1,,1,,2,,
102067,"N,N'-Diphenylguanidine",1910,"feed",91,"A",,1981,,,,,1,,,1,,1,1,1,1,1,,1,,,,,,1,1,,,,,1,1,,1,,,,1,1,,,1,1
868859,"Dimethyl hydrogen phosphite",3556,"inhalation",28,"B",,,,,,,1,,,,,,2,1,,2,2,,,,,,,1,,,,,,1,1,,2,,,,,,,2,2,
95512,"o-Chloroaniline",2455,"gavage",93,"A",,,,,,,1,,,,,,,1,,1,,1,,,,,,1,,,,,1,,1,,1,,,1,1,,,1,1,1
108429,"m-Chloroaniline",2123,"gavage",91,"A",,,,,,,1,,,,,,1,,,1,1,2,,,,,,1,,,,,1,,1,,1,,,1,1,1,,,,
88722,"o-Nitrotoluene",386,"feed",91,"A",,1981,,,,,1,,,,,,2,,2,1,2,,,2,,,1,1,1,2,,1,1,,1,2,,1,2,2,1,,,,1,2
542563,"Isobutyl Nitrite",1803,"inhalation",91,"A",,1981,,,,,2,,,,2,,,2,,1,,2,,,,,,2,2,,,,,,2,,1,,2,1,1,2,,,2,2
542756,"1,3-Dichloropropene",4474,"inhalation",91,"A",,1981,,,,,1,,,,1,,,,1,,,1,,,,,,1,,,,,1,,2,,,,,,,1,,,,
446720,"Genistein",2180,"feed",91,"A",,1998,,2,,,2,,,,,,2,,2,,,2,,,,,,2,,,,,2,,2,,,2,,,,,2,,,
121697,"N,N-Dimethylaniline",3547,"gavage",91,"B",,,,,,,2,,,1,,,,2,,,1,,,1,,,,,1,,,,,,2,,,,,,1,,,,,
151213,"Sodium Lauryl Sulfate",3814,"gavage",28,"B",,,,2,,,2,,,,1,,,,2,2,,2,2,,,,,2,,,,,2,,2,,,2,2,,,,,,2,
110805,"Ethylene glycol monoethyl ether",2278,"drinking water",91,"A",,1981,,,,,2,,,,,,,,2,2,,,,,,,,,,2,,,,2,2,2,2,,,,2,2,,,,
763699,"Ethyl 3-ethoxypropionate",1719,"inhalation",90,"B",,,,,,,2,,,,2,,2,2,,2,,,,,,,,2,,,,,2,,2,,,,,,,2,,,,2
111762,"Ethylene glycol (mono) n-butyl ether",2282,"drinking water",91,"A",,1981,,,,,2,,,,,,1,,2,1,,,,,,,,,1,2,,2,,,2,,,,,,1,2,,,2,
67721,"Hexachloroethane",874,"gavage",91,"B",,,,,2,,2,,,,2,,,1,,,,2,,,,1,,1,,1,,,1,,2,,,,,,,2,,,,
79107,"Acrylic acid",128,"drinking water",90,"A",,,,,,,2,,,,2,2,2,,,,,2,,,,,,2,,,,,2,,2,,,,,,2,,,,,
75127,"Formamide",2454,"gavage",98,"A",,1998,,,,,1,,,,,,,,,1,,1,,,,,,1,2,,,,,,2,2,,,1,1,,2,,2,,2
68122,"N,N-Dimethylformamide",4590,"inhalation",90,"B",,,,,,,2,,,,,,,,2,,,2,,,,,,1,2,2,,2,1,,2,,,2,2,2,,2,,,,
123308,"Aminophenol, p-",979,"feed",91,"A",,1981,,,,,2,,,,2,1,,,1,,,,,,,1,,2,,,,,2,,2,,,2,,2,,,2,,,
100027,"4-Nitrophenol",1143,"gavage",28,"A",,1981,,,,,,,,,,,,2,2,2,,,,,2,2,,,1,1,,,,,2,2,,,,,,,,,2,
78842,"Isobutanal",1953,"inhalation",91,"A",,1981,,,,,2,,,,2,,,2,2,,,,,,,,,2,2,,,,,,2,,,2,,,,2,,2,,
84742,"Di-n-butyl phthalate",765,"feed",91,"A",,1981,,,,,2,,,,,,,,,2,,,,,,,,1,2,,,2,2,,2,2,2,1,2,2,,,,,,
93152,"Methyleugenol",1943,"gavage",98,"A",,1998,1,,,,1,,,,,,,,2,1,,,,,,,,,2,,2,,1,,2,1,,2,,,,1,,,,
105602,"Caprolactam",917,"feed",90,"B",,,,,,,2,,,,,,,,,,,,,,,2,1,2,,,,,,,2,,,,,,,,,,,
98293,"p-tert-Butylcatechol",1323,"feed",98,"A",,1998,,,,,1,,,,,,,,2,,,,,,,,,,,2,,,,,2,,,,,2,,,,,,
151213,"Sodium Lauryl Sulfate",3813,"feed",90,"A",,1998,,,,,,,,,,1,,,,,,,,,,,,2,2,1,2,,2,,2,,,,,,,,,,,
110690,"Butanal Oxime",2451,"gavage",98,"A",,1998,,,,,1,,,2,,,,1,,1,,,,,,,,,,2,,,2,2,2,2,,1,1,1,1,2,,1,1,1
75525,"Nitromethane",824,"inhalation",91,"A",,1981,,,,,2,,,1,,,2,2,,2,,,,,,,,,,,,,,,2,,2,1,1,1,,,,,,
106876,"4-Vinylcyclohexene Diepoxide",2211,"gavage",91,"A",,1981,,,,,2,,,,2,,,2,2,2,,2,,,2,2,,2,,,,,2,,2,2,,,,,,2,,,2,2
110930,"6-Methylhept-5-en-2-one",1378,"gavage",90,"A",,1998,,,,,2,,,,,2,2,2,,2,,,,,,,1,1,,,2,,2,,2,2,,,,,,,,,,
119846,"3,4-Dihydrocoumarin",2450,"gavage",91,"A",,1981,,,,,2,,,,1,2,2,,,2,,,,,,,,2,,,2,,2,,2,,,2,2,2,,,,,2,2
306832,"1,1-Dichloro-2,2,2-trifluoroethane",2225,"inhalation",90,"B",,,,,,,2,,,,,,,,,,,,,,,,,2,,,,,2,,2,,,,,,,,,,,
100403,"4-Vinyl-1-cyclohexene",578,"inhalation",91,"B",,,,,,,2,,,,,,,2,2,,,,,2,,,,2,,,,,2,,2,,,,,,,,,,,
135886,"N-Phenyl-2-naphthylamine",2145,"feed",91,"B",,,,,,,2,,,2,,,,,,,,,,2,2,2,,,,,,,2,,2,,,,,,2,2,,,,
79436,"Dichloroacetic acid",1970,"gavage",90,"B",,,,2,,,1,,,,1,,2,2,,,,,,,,,,1,,,,,1,,2,2,,,,,,,,,,
1649087,"Dichlor-difluorethane",1632,"inhalation",91,"B",,,,,,,2,,,,2,,,2,,,,2,,,,,,2,2,,,,2,,2,,,,,,,,,,,
95487,"o-Cresol",2306,"feed",91,"A",,1981,,,,,2,,,,,,,,1,,,,,,,,,2,,,,,2,,2,,,,,,,,,,,
111900,"Diethylene glycol monoethyl ether",3788,"feed",90,"A",,,,,,,2,,,,,2,,,,,,,,,2,,,2,,2,,,,,2,,,,,,,,,,,
1854268,"Dimethylol dihydroxyethylene urea",1043,"gavage",91,"B",,,,,,,2,,,,,,,,,,,2,,,,,,,,,,,,,2,2,,,,,,,,,,
111488,"Thiodiglycol",2028,"gavage",91,"A",,,,2,,,2,,,,2,,,,,,,,,,,,,2,,,,,2,,2,,,,,,,,,,,
2314978,"Trifluoroiodomethane",4598,"inhalation",90,"A",,1981,,,,,2,,,,2,,,2,,2,,,,,,,,,,,,,2,,2,2,,2,,2,,2,2,2,2,2
509148,"Tetranitromethane",1158,"inhalation",91,"B",,,,,,,1,,,,,,,1,,,,,,,,,,,,,,,1,,,,,,,,,,,,,
59080409,"2,2',4,4',5,5'-Hexabromobiphenyl",800,"gavage",30,"A",,,,,,,,,,,,,,1,,1,,,,,,,,,1,1,1,,1,,,,,,,,,,,,,
26628228,"Sodium Azide",4510,"gavage",91,"B",,,,,,,1,,,,1,,,1,,,,,,,,,,,,,,,1,,,,,,,,,,,,,
88733,"1-Chloro-2-nitrobenzene",4600,"inhalation",91,"B",,,,,,,,,,,,,,,,1,,,,1,,1,,1,1,,,,1,,,,,1,1,1,1,,,,,
106923,"Allyl glycidyl ether",3592,"inhalation",91,"B",,,,,,,1,,,,,,,,,,,,,,,,,,,,,,1,,,,,,,,,,,,,
836306,"4-Nitrodiphenylamine",1040,"inhalation",21,"B",,,,,,,,,,,,,,,,1,,,,,,,,,,,,,1,,,,,,,,,,,,,
96184,"1,2,3-Trichloropropane",2198,"inhalation",90,"A",,,,,,,1,,,,,,,,,,1,,,,,,,,,,1,,1,,,,,,,,,,,,,
118489,"N-Carboxyanthranilic acid anhydride",1144,"inhalation",28,"B",,,,,,,,,,,,,,,,,,,,,,,,,,,,,1,,,,,,,,,,,,,
18181801,"Bromopropylate",1961,"gavage",28,"B",,,,,,,1,,,,,,,,,,,,,,,,,,,2,,1,1,,,,,,,,,,,2,,
96184,"1,2,3-Trichloropropane",81,"drinking water",91,"B",,,,,,,1,,,,1,,,,,,,,,,1,1,,1,1,1,,,1,,,,,,,,,,2,,,
77474,"Hexachlorocyclopentadiene",1127,"gavage",91,"B",,,,,,,1,,,,,,,1,,,,,,,,1,,1,,,,,1,,,,,,,,,,,,,
95681,"2,4-Xylidine",2,"inhalation",28,"B",,,,,,,1,,,,,,,1,,1,,,,,,,,,,1,1,,1,,,,,,,,,,,,,
66215278,"N-cyclopropyl-1,3,5-triazine-2,4,6-triamine",3009,"inhalation",28,"B",,,,,,,1,,,,,,,1,,,,,,,,,,,,,,,1,,,,,,1,1,,,,,,
479458,"Tetryl",33,"feed",90,"B",,,,,,,1,,,,,,,,,1,,,,,1,,,1,,,,,1,,,,,1,,1,1,,,,,
89634,"4-Chloro-2-nitroaniline",1834,"gavage",91,"B",,,,,,,2,,,,1,2,,,,2,,,,,,,1,2,,,,,1,,,,,,,,,,,,1,1
7659861,"Thioglycolic acid 2-ethylhexyl ester",1055,"feed",28,"B",,,,,,,,,,,,,,,,1,,,,,,,,1,,,,,1,,,,,,,,,,,,1,1
120821,"1,2,4-Trichlorobenzene",2204,"feed",90,"B",,,,,,,,,,,,,,,,,,,,,,,,1,1,1,,,1,,,,,,,,,,2,,,
55406536,"3-Iodo-2-propynyl butylcarbamate",2266,"gavage",90,"B",,,,,,,1,,,,,,,,,,,,,,,,,,,,1,,1,,,,,,,,,,,,,
123319,"Hydroquinone",350,"gavage",91,"B",,,,,,,,,,,,,,2,,,,,,,1,2,,,1,,,,1,,,,,,,,,,,,,
81492,"1-Amino-2,4-dibromoanthraquinone",1927,"feed",91,"A",,,,,,,1,,,,,,,2,,,1,,2,1,,,,,2,2,2,,1,,,,,,,,,1,,,,
333415,"Diazinon",334,"feed",90,"B",,,,,,,1,,,,,,,1,,1,,,,,,,,1,,,1,,1,,,,,1,1,1,,,,,1,
105602,"Caprolactam",919,"feed",90,"B",,,,,,,2,,,,2,,,,,,,,,,,,1,2,,,,,1,,,,,,,,,,2,,,
76017,"Pentachloroethane",3627,"gavage",21,"B",,,,,,,,,,,,,,1,,,,,,,,1,,1,,1,,,1,,,,,,,,,,,,,
25154523,"Nonylphenol",4493,"feed",90,"A",,,,,,,1,,,,,,,,,,,,,,1,,,1,,1,,,1,,,,,,,,,,,,,
51036,"Piperonyl butoxide",4373,"feed",28,"B",,,,2,,,2,,,,2,,,,,,,,,,,,,2,,1,,1,1,,,,,,,,,,,,,
98851,"alpha-Methylbenzyl alcohol",3581,"gavage",91,"B",,,,,,,2,,,,,,,2,,,,,,,,,,,,,,,1,,,,,,,,2,,,,,
104905,"5-Ethyl-2-picoline",1985,"gavage",28,"B",,,,,,,2,,,,,2,2,,,,,,,,,,2,2,,,,,1,,,,,,,,,,,,,
1241947,"Diphenyl-2-ethylhexyl phosphate",1011,"feed",90,"B",,,2,,,,1,,,,,,,,1,,,,,,,,,,2,,2,,2,,,,,,,,,,,,,
151213,"Sodium Lauryl Sulfate",3817,"feed",91,"A",,,,,,,,,,,,,,,,,,,,,,,,,,,,,2,,,,,,,,,,,,,
125122,"Isobornyl acetate",1074,"gavage",91,"A",,,,,,,,,,,,,,,,,,,2,,1,,,2,,2,,,2,,,,,,,,,,,,,
1070786,"1,1,1,3-Tetrachloropropane",4631,"inhalation",90,"B",,,,,,,,,,,,,,1,,,,1,,,,,,,2,1,,2,2,,,,,,,,,,,,,
79414,"Methacrylic acid",882,"inhalation",90,"B",,,,,,,2,,,,,,2,,,,,,,,,,,,,,,,2,,,,,,,,,,,,,
29911271,"Dipropylene glycol (mono) propyl ether",1340,"drinking water",91,"B",,,,,,,,,,,,,,,,,,,,,,,,,,,,,2,,,,,,,,,,,,,
513531,"sec-Butyl mercaptan",4612,"inhalation",91,"B",,,,,,,1,,,,2,,,,,2,,2,,2,2,2,,2,,,,,2,,,,,,,,2,,,,,
108316,"Maleic anhydride",2900,"feed",90,"B",,,,,,,,,,,,,,,,,,,,2,1,2,,2,,,,,2,,,,,,,,,,,,,
127184,"Tetrachloroethene",1746,"drinking water",90,"B",,,,,,2,,,,,,,,,,,,,,,,,,2,,,,,2,,,,,,,,,,,,,
110123,"Methyl Isoamyl Ketone",4630,"inhalation",96,"B",,,,,,,,,,,,,,,,,,,,2,,2,,2,2,2,2,,2,,,,,,,,,,,,,
1634044,"Methyl-tertiary-butyl ether",674,"gavage",90,"B",,,,,,,,,,,,,1,,,,,,,2,,,2,2,,,,,2,,,,,,,,,,,,,
1634044,"Methyl-tertiary-butyl ether",669,"inhalation",28,"B",,,,2,,,2,,,,,,,,,,,,,2,,,,2,,,,,2,,,,,,,,,,,,,
75003,"Chloroethane",3653,"inhalation",91,"B",,,,,,,2,,,,,,,,,,,,,,,,,,,,,,2,,,,,,,,,,,,,
306832,"1,1-Dichloro-2,2,2-trifluoroethane",2223,"inhalation",28,"B",,,,,,,2,,,,,,,,,,,,,,,,,,2,,,,2,,,,,,,,,,,,,
135193,"2-Naphthol",1153,"gavage",28,"B",,,,,,,,,,,,,2,,,,,,,,,,,1,,,,,,,,,,,,,,,,,,
100470,"Benzonitrile",1817,"gavage",91,"B",,,,,,,2,,,,,,,2,,,,,,,,1,,1,,,,,,,,,,,,,,,,,,
156605,"1,2-Dichloroethylene",2118,"drinking water",90,"B",,,,,,,,,,,,,,,,,,,,,,,,2,,,,,,,,,,,,,,,,,,
111900,"Diethylene glycol monoethyl ether",3789,"feed",90,"A",,,,,,,2,,,,2,,,,,,,,,2,2,,,2,,,,,,,,,,2,,2,2,,2,,,
29232937,"Pirimiphos-Methyl",4461,"feed",90,"B",,,,,,,1,,,,1,,,,,,,,,,,,,,,,,,,,,,,,,,,,,,,
2431507,"2,3,4-Trichloro-1-butene",1307,"inhalation",91,"B",,,,,,,1,,,,,,,,,1,,,,,,,,,,,,,,,,,,1,,,,,,,,1
7727540,"Ammonium peroxydisulfate",4611,"inhalation",91,"B",,,,,,,1,,,,,,,,,1,,,,,,,,,,,,,,,,,,,1,1,,,,,,
55312,"1-Epinephrine Hydrochloride",1732,"inhalation",91,"B",,,,1,,,1,,,,,,,,,,,1,,,,,,,,,,,,,,,,,,,,,,,,
98077,"(alpha),(alpha),(alpha)-Trichlorotoluene",417,"inhalation",28,"B",,,,,,,1,,,,,,,,,,,,,,,,,,,,,,,,,,,,,,,,,,,
108316,"Maleic anhydride",2899,"inhalation",28,"B",,,,,,,1,,,,,,,,,,,,,,,,,,,,,,,,,,,,,,,,,,,
50000,"Formaldehyde",250,"inhalation",91,"B",,,,,,,1,,,,,,,,,,,,,,,,,,,,,,,,,,,,,,,,,,,
108247,"Acetic anhydride",307,"inhalation",90,"B",,,,,,,1,,,,,,,,,,,,,,,,,,,,,,,,,,,1,,1,,,,,,
50000,"Formaldehyde",4624,"inhalation",91,"B",,,,,,,1,,,,1,1,,1,,,,,,,,,,,,,,,,,,,,,,,,,,,,
333415,"Diazinon",4336,"inhalation",21,"B",,,,,,,1,,,,,,,,,,,,,,,,,,,,,,,,,,,,,,,,,,,
96344,"Chloroacetic acid, methyl ester",90,"inhalation",28,"B",,,,,,,1,,,,,,,1,,,,,,,,,,,,,,,,,,,,,,,,,,,,
101906,"1,3-Bis(2,3-epoxypropoxy)benzene",392,"gavage",90,"B",,,,,,,1,,,,,,,,,,,,,,,,,,,,,,,,,,,,,,,,,,,
85687,"Butyl benzyl phthalate",3512,"inhalation",28,"B",,,,,,,1,,,,,,,,,,,,,,,,,,,,,,,,,,,,,,,,,,,
100447,"(alpha)-Chlorotoluene",91,"inhalation",24,"B",,,,,,,1,,,,,,,1,,,,,,,,,,,,,,,,,,,,,,,,,,,,
98873,"Benzal chloride",1178,"inhalation",32,"B",,,,,,,1,,,,,,,1,,,,,,,,,,,,,,,,,,,,,,,,,,,,
140669,"4-(1,1,3,3-TETRAMETHYLBUTYL)-PHENOL",4501,"gavage",28,"B",,,,,,,2,,,,,,,,,,,,,,,,,,,,,,,,,,,,,,,,,,,
868859,"Dimethyl hydrogen phosphite",3559,"gavage",91,"B",,,,,2,,2,,,,,,,,,,,,,,,,,,,,,,,,,,,,,,,,,,,
1300727,"Xylene sulphonate; sodium",3696,"feed",91,"B",,,,,,,2,,,,,,,,,,,,,,,,,,,,,,,,,,,,,,,,,,,
78422,"Tris(2-ethylhexyl)phosphate",3630,"gavage",97,"B",,,,,,,2,,,,,,,,,,,,,,,,,,,,,,,,,,,,,,,,,,,
121799,"Propyl gallate",932,"feed",91,"B",,,,,,,2,,,,,,,,,,,,2,,,,,,,,,,,,,,,,,,,,,,,
3268493,"3-(Methylthio) propionaldehyde",1879,"gavage",28,"B",,,,,,,2,,,,,,1,,,2,,,,,,,,,,,,,,,,,,,,,2,,,,2,
123546,"Acetyl acetone",3876,"inhalation",98,"B",,,,,,,2,,,,2,,,2,,,,,,,,,,,,,,,,,,,,,,,,2,,,,
57556,"Propylene glycol",2177,"inhalation",90,"B",,,,,,,2,,,,,,,,,2,,,,,,,,,,,,,,,,,,,,,,,,,2,2
115195,"2-Methyl-3-butyn-2-ol",1140,"gavage",28,"B",,,,,,,2,,,,,,,2,,2,,,,,,,,,,,,,,,,,,,,2,,,,2,2,2
106887,"Epoxybutane",1782,"inhalation",91,"B",,,,,,,2,,,,,,,,,,,,,,,,,,,,,,,,,,,,,,,,,,,
108781,"Melamine",3670,"feed",91,"B",,,,,2,,2,,,,,,,,,,,,,,,,,,,,,,,,,,,,,,,,,,,
120832,"2,4-Dichlorophenol",2185,"feed",91,"B",,,,,,,2,,,2,,,,,,,,,,,,,,,,,,,,,,,,,,,,,,,,
108952,"Phenol",4333,"drinking water",91,"A",,,,,,,2,,,,,,,,,,,,,,,,,,,,,,,,,,,,,,,,,,,
423392,"Butane, 1,1,1,2,2,3,3,4,4-nonafluoro-4-iodo-",4588,"inhalation",28,"B",,,,,,,2,,,,,,,2,,,,,,,,,,,,,,,,,,,,,,,,,2,,,
115106,"Dimethyl ether",208,"inhalation",91,"B",,,,,,,,,,,,,,,,2,,,,,,,,,,,,,,,,,,,,,,,,2,,2
67561,"Methanol",286,"inhalation",28,"B",,,,,,,,,,,,,,,,,,,,,,,,,,,,,,,,,,,,,2,,,,,
95487,"o-Cresol",596,"gavage",90,"A",,,,,,,,,,,,,,1,,,,,,,,,,,,,,,,,,,,,,,,,,,,
1634044,"Methyl-tertiary-butyl ether",670,"inhalation",91,"A",,,,,,,,,,,,,2,,,,,,,,,,,,,,,,,,,,,,,2,,,,,,
123773,"1,1'-Azobisformamide",1071,"inhalation",91,"B",,,,,,,,,,,,,,,,,,,,,,,,,,,,,,,,,,,,,,,1,,,1
109591,"Ethylene glycol (mono) isopropyl ether",1244,"inhalation",28,"B",,,,,,,,,,,,,,,,2,,,,,,,,,,,,,,,,,,,,,2,,,,,
109591,"Ethylene glycol (mono) isopropyl ether",1245,"inhalation",28,"B",,,,,,,,,,,,,,,,,,,,,,,,,,,,,,,,,,1,1,1,,,,,,
2431507,"2,3,4-Trichloro-1-butene",1308,"inhalation",28,"B",,,,,,,,,,,,,,,,,,,,,,,,,,,,,,,,,1,,,,,,,,,
111693,"1,4-Dicyanobutane",1850,"inhalation",91,"B",,,,,,,,,,,,,,,,,,,,,,,,,,,,,,,,,1,,,,,,,,,
111488,"Thiodiglycol",2027,"gavage",28,"B",,,,,,,,,,,,,,,,,,,,,,,,,,,,,,,,,,2,2,2,,,,,,
528449,"Trimellitic acid",4532,"gavage",28,"B",,,,,,,,,,,,,,,,,,,2,,,,,,,,,,,,,,,,,,,,,,,
528449,"Trimellitic acid",4533,"inhalation",91,"B",,,,,,,,,,,,,,1,,,,,,,,,,,,,,,,,,,,,,,,,,,,
552307,"Trimellitic anhydride",4539,"feed",91,"B",,,,,,,,,,,,,,,,1,,,,,,,,,,,,,,,,,,,,,,,,,1,
78886,"2,3-Dichloro-1-propene",4625,"inhalation",91,"B",,,,,,,,,,,,,,,,,,,,,,,,,,,,,,,,,,,,,1,,,,,
110827,"Cyclohexane",4638,"inhalation",91,"B",,,,,,,,,,,,,,2,,,,,,,,,,,,,,,,,,,,,,,,,,,,
23696288,"Olaquindox",373,"gavage",90,"A",,,,1,,,,,,,,,,,1,,,,,,,,,,,,,,,,,,,,,,,,,,,
115071,"Propylene",1794,"inhalation",98,"B",,,,,,2,,,,,,,,,,,,,,,,,,,,,,,,,,,,,,,,,,,,
836306,"4-Nitrodiphenylamine",1039,"feed",90,"B",,,,,,,1,,,,,,,,,1,,,,2,,,,,,,,,,,,,,,,,,,,,,
96311,"1,3-Dimethylurea",1966,"gavage",28,"B",,,,,,,2,,,,,,,,,,,,,2,2,,,,,,,,,,,,,,,,,,,,,
107051,"Allyl chloride",1243,"inhalation",90,"B",,,,,,,,,,,,,,,,,,,,2,2,2,,,,,,,,,,,,,,,,,,,,
123773,"1,1'-Azobisformamide",1073,"gavage",91,"B",,,,,,,,,,,,,,,,,,,,2,,2,,,,,,,,,,,,,,,,,,,,
2432997,"11-Aminoundecanoic acid",1939,"feed",91,"B",,,,,,,2,,,,,,,,,,,,,2,2,,,,,,,,,,,,,,,,,,,,,
141979,"Ethyl acetoacetate",904,"feed",28,"B",,,,,2,,,,,,,,,,,,,,2,2,,,,,,,,,,,,,,2,2,2,,,,,,
5989275,"d-Limonene",3539,"gavage",91,"B",,,,,,,2,,,,,,,2,,,,,,,,,2,,,,,,,,,,,,,,,,,,,
112072,"Ethylene glycol monobutyl ether acetate",414,"inhalation",30,"B",,,,,,,,,,,,,,,,,,,,,2,2,,,,,,,,,,,,,,,,,,,,
1300727,"Xylene sulphonate; sodium",3695,"feed",91,"B",,,,,,,2,,,,,2,,,,,,,,,,,,,,,2,,,,,,2,,,,2,,,,,
110918,"Morpholine",4632,"inhalation",91,"B",,,,,,1,,,,,,,,,,,,,,,,,,,1,,,1,,,,,,,,,,,,,,
131179,"Diallyl phtalate",3550,"gavage",91,"B",,,,,,,2,,,,,,,,,,,,2,2,2,,,,1,1,2,1,,,,,,,,,,,,,,
75354,"1,1-Dichloroethene",2239,"gavage",90,"B",,,,,,,2,,,,,,,,,,,,,,,,,,2,1,2,1,,,,,,,,,,,,,,
75354,"1,1-Dichloroethene",2944,"inhalation",90,"B",,,,,,,,,,,,,,,,,,,,2,,,,,2,2,,1,,,,,,,,,,,,,,
563473,"3-Chloro-2-methyl-1-propene",3553,"gavage",90,"B",,,,,,,2,,,,,,,,,,,,,,,,,,2,2,,2,,,,,,,,,,,,,,
123911,"1,4-Dioxane",656,"drinking water",91,"B",,,,,,,2,,,,2,,,,,2,,,,,2,,,2,,2,,2,,,,,,,,,,,,,,
75252,"Tribromomethane",3605,"drinking water",90,"B",,,,,,,,,,,,,,,,1,,,,,,,,,1,1,,,,,,,,,,,,,1,,,1
271896,"Benzofuran",3584,"gavage",91,"B",,,2,,,,1,,,,,,,1,,,,,,2,,,2,,,1,,,,,,,,,,,,,,,,
4180238,"trans-Anethole",971,"feed",28,"B",,,2,,,,2,,,,,,,,,,,,,2,,,,,2,2,,,,,,,,2,,2,,1,,,,
100527,"Benzaldehyde",2216,"gavage",91,"B",,,,,,,2,,,,2,,,,,,,,,,2,,,,,2,,,,,,,,,,,,,,,,
67561,"Methanol",2302,"inhalation",28,"B",,,,,,,,,,,,,,,,,,,,,,,,,,2,,,,,,,,,,,2,,,,,
68359375,"cyfluthrin",3012,"inhalation",21,"B",,,,,,,1,,,,,,,,,,,,,,,,,,1,,,,,,,,,,,,,,,,,
26530201,"2-Octyl-4-isothiazolin-3-one",290,"inhalation",90,"B",,,1,,,,1,,,,,,,,,,,,,1,,,,,1,,,,,,,,,,,,1,,,,,
115275,"chlorendic anhydride",2986,"inhalation",28,"B",,,,,,,2,,,,,,,,,,,,,,,,,,1,,,,,,,,,,,,,,2,,,
121799,"Propyl gallate",931,"feed",91,"B",,,,,,,,,,,,,,,,2,,,,,,,,,1,,,,,,,,,,,,,,,,,
624920,"Methyl disulfide",4623,"inhalation",91,"B",,,,1,,,1,,,,,1,1,,,,,,1,2,1,,,1,2,,,,,1,,,,,,1,1,1,,,,
108394,"Methylphenol,3-",301,"gavage",90,"A",,,,,,,1,,,,1,,,2,,,,,,,,,,,2,,,,,,,,,,,,,,,,,
127184,"Tetrachloroethene",1742,"inhalation",91,"B",,,,,,,2,,,,,,,,,,,,,,,,,,2,,,,,,,,,,,,,,,,,
121799,"Propyl gallate",930,"feed",28,"B",,,,,,,2,,,,,,,,,2,,,,2,,,,,2,,,,,,,,,,,,,,,,,
79414,"Methacrylic acid",881,"inhalation",90,"B",,,,,,,,,,,,,,,,,,,,,,,,,2,,,,,,,,,,,,,,,,,
111466,"Diethylene glycol",348,"feed",99,"A",,,,,,,,,,,,,,,,,,,,2,,2,,2,2,,,,,,,,,,,,,,,,,
64175,"Ethanol",3735,"drinking water",90,"A",,,,,,,,,,,,,,,,,,,,,,2,,,2,,,,,,,,,2,,,,2,,,,
88857,"2-(1-Methylpropyl)-4,6-dinitrophenol",1824,"feed",91,"A",,1981,,,,,1,,,,,,1,,,,,1,,,,,,1,,,,,,,,1,,1,1,1,1,,,,,
101804,"4,4´-Diaminodiphenylether",106,"feed",90,"A",,,,,,,1,,,,,,,1,,,,,,,,,,,1,,,,,1,,1,,,,,,,1,,,
110009,"Furan",3679,"gavage",91,"B",,,,,,,1,,,,,,,1,1,,,,,1,1,,,1,1,1,1,1,1,,,1,,,,,,1,,,,
103902,"Acetaminophen",2151,"feed",91,"A",,1981,,,,,2,,,,,,,,2,,,,,2,2,2,,,,2,2,2,,,,2,,,,,,2,,,,
74964,"Ethyl bromide",3633,"inhalation",98,"B",,,,,,,2,,,2,2,,,2,2,,,,,,,,,,,,,,2,,,2,,,,,2,,,,,
5522430,"1-Nitropyrene",1988,"inhalation",91,"A",,1981,,,,,,,,,,,,,,,,,,,,,,,,,,,1,,,,,,,,,,,,,
583391,"2-Mercaptobenzimidazole",1914,"inhalation",91,"A",,1981,1,,,,1,,,,,1,1,1,1,1,,,,,1,,,,,,1,,1,,,,,,,,,1,1,,,
58899,"Lindane",168,"feed",90,"A",,1981,,,,,1,,,,,,,,,,,,,,1,,,1,1,,1,,1,,,,,,,,,,,,,
66246886,"Penconazole",4446,"feed",90,"A",,1981,,,,,,,,,,,,,,,,,,,,,,,,,,,1,,,,,,,,,,,,,
107028,"Acrolein",3476,"gavage",98,"A",,1998,,,,,1,,,1,,,1,1,,1,,1,,1,,,,,,,,,1,,,,1,1,1,,1,1,,1,,
107186,"Allyl alcohol",3656,"gavage",98,"A",,1998,,,,,,,,,,,1,,1,1,,,,,,,,,1,1,1,,1,,,,,1,,,,,,1,1,1
88733,"1-Chloro-2-nitrobenzene",258,"inhalation",28,"A",,1981,,,,,,,,,,,,,,1,1,,,,,,,1,,,,,1,,,,1,,,1,1,,,,,
110656,"Butynediol",1087,"gavage",28,"A",,1981,,,,,1,,,,,,,,,1,,,,,1,1,,1,1,1,,1,1,,,,,1,1,1,1,,,1,1,1
108452,"m-Phenylenediamin",435,"gavage",90,"A",,1981,,,,,,,,,,,,,,,,,,,,,,1,,1,,,1,,,,,,,,,,,,,
107062,"1,2-Dichloroethane",4329,"gavage",91,"A",,1981,,,,,2,,,,2,,,2,,,,,,,,,,1,,,,,1,,,,,,,,,2,,,,
126738,"Tributyl phosphate",1060,"feed",91,"A",,1981,,,1,,1,,,,,,,,,2,,,,,,,,,,,,,1,,,,,2,,,,,,,,
626175,"m-Phthalodinitrile",1082,"gavage",28,"A",,1995,,1,,,2,,,,,,,2,,,,,,1,2,,,2,,,1,,1,,,,,,,,,,,,,
112254,"Ethylene glycol (mono) n-hexyl ether",1330,"inhalation",91,"A",,1981,,,,,1,,,,,,,,,,,,,,,,,,,,,,1,,,,,,,,,,,,,
58559,"Theophylline",1346,"gavage",98,"A",,1981,,,,,,1,,,1,,,,1,,,,,,,,,,,,,,1,,,,,1,,1,,1,,,,
85687,"Butyl benzyl phthalate",3509,"feed",90,"A",,1981,,,,,2,,,,,,,,,,,,1,,,,,1,2,2,,,1,,,,2,,,,,,,,,
85687,"Butyl benzyl phthalate",3515,"inhalation",91,"A",,1981,,,,,,,,,,,,,,,,,,,,,,1,,,,,1,,,,,,,,,,,,,
108463,"Resorcinol",3662,"gavage",90,"A",,1981,,1,,,,,,,,,2,2,,,,,,,,,,,,,,,1,,,,,,,,,,,,,
623267,"p-Phthalodinitrile",1083,"gavage",28,"A",,1995,,,,,1,,,,,,,,,,,,,1,,,,,1,,1,,1,,,,,,,,,,1,,,
107062,"1,2-Dichloroethane",4330,"drinking water",91,"A",,1981,,,,,2,,,,,,,,,,,,,,,,,1,,,,,1,,,,,,,,,,,,,
107062,"1,2-Dichloroethane",4328,"drinking water",91,"A",,1981,,,,,2,,,,,,,,,,,,,,,1,,1,,,,,1,,,,,,,,,,,,,
95501,"1,2-Dichlorobenzene",852,"gavage",90,"A",,1981,,,,,2,,,,,,2,,,,,,,,,,,1,,2,2,,1,,,,,2,,,2,,,,,
541731,"1,3-Dichlorobenzene",2333,"gavage",28,"A",,1981,,,,,2,,,,,,,,,,,,,,1,,,2,1,,2,,1,,,,,,,,,,,,,
100378,"2-Diethylaminoethanol",234,"inhalation",90,"A",,1981,,,,,1,,,,,,,,,,,,,,,,,1,,,,,1,,,,,,,,,,,,,
57018527,"Propylene glycol tert-butyl ether",1769,"inhalation",98,"A",,1981,,,,2,,,,,,1,2,,,1,,,,,,,1,1,,,,,1,,,,,2,2,2,,,,1,1,1
77907,"Acetyl Tributyl Citrate",3846,"feed",90,"A",,1981,,,,,1,,,,,,,,,1,,,,,,,,2,,,,,1,,,,,,,,,,,,,
576261,"2,6-Dimethylphenol",1170,"gavage",28,"A",,1981,,,,,2,,,,,,,2,,2,,,,,,,,,,,,,1,,,,,,,,,,,,,
95501,"1,2-Dichlorobenzene",854,"gavage",91,"A",,1981,,,,,2,,,,2,,,,2,1,,,,,2,,,2,,2,,,1,,,,,,,,,2,,2,,2
106945,"1-Bromopropane",2161,"inhalation",91,"A",,1981,,,,,,,,,,,,,,,,,,,,,,,,2,,,1,,,,,,,,,,,,,
108907,"Chlorobenzene",325,"gavage",91,"A",,1981,,,,,2,,,,,,,,,2,,,,,2,2,,2,,2,,,1,,,,,,,,1,2,,,,
111762,"Ethylene glycol (mono) n-butyl ether",1712,"inhalation",90,"A",,1981,,,,,2,,2,1,,,,1,,1,,2,,,2,2,,1,2,2,,,1,,,,,,,,2,2,,,,
140669,"4-(1,1,3,3-TETRAMETHYLBUTYL)-PHENOL",4502,"gavage",29,"A",,1981,,,,,,,,,,1,,,,,,,,,,,2,1,,,2,,2,,,,,,,,,,,,,
107062,"1,2-Dichloroethane",4327,"drinking water",91,"A",,1981,,,,,1,,,,,,,,,,,,,,,1,,1,,,,,2,,,,,,,,,,,,,
87627,"2,6-Xylidine",3,"gavage",90,"A",,1981,,,,,1,,,,,,,,,1,,,,,,,,,,,,,2,,,,,,2,2,,,,,1,1
16219753,"5 Ethylidene- 2- norbornene",3886,"inhalation",98,"A",,1981,,,,,,,,,,,,,,2,,,,,,,,1,,,,,2,,,,,1,1,1,,,1,,2,
98839,"(alpha)-Methylstyrene",1705,"inhalation",98,"A",,1981,,,,,,,,,,,2,,,,,,,,,,1,2,,,,,2,,,,,2,2,2,,,,,,
103833,"Dimethylbenzylamine",984,"gavage",28,"A",,1981,,,,,,,,,,,,,,,,,,,,,,,,,,,2,,,,,,,,,,,,,
98920,"3-Pyridinecarboxamide",1881,"gavage",28,"A",,1981,,2,,,2,,,,1,2,1,,,,2,2,,2,,,,2,,,2,,2,,,,,,,,2,,,,,
81209,"2-Nitro-1,3-dimethylbenzene",1048,"feed",28,"A",,1981,,,,,,,,,,,,,,,,,,,,,,,,,,,2,,,,,,,,,,,,,
2530872,"3-Chloropropyltrimethoxysilane",3907,"inhalation",28,"A",,1981,2,1,1,,,,,,,,,,,,,,,,,,1,2,,,2,,2,,,,,,,,,,,,,
100414,"Ethylbenzene",1841,"inhalation",91,"A",,1981,,,,,,,,,,,,,,,,,,,,,,2,,,,,2,,,,,,,,,,,,,
85687,"Butyl benzyl phthalate",3508,"feed",90,"A",,1981,,,,,2,,,,,,,,,,,,,,,,,2,,,,,2,,,,,,,,,,,,,
95487,"o-Cresol",299,"feed",28,"A",,1981,,,,,2,,,,2,,,,,,,,,,,,,2,,,,,2,,,,,,,,,,,,,
288324,"Imidazol",2002,"gavage",90,"A",,1998,,,,,,,,,,,,,,,,,,,,,2,2,,,2,,2,,,,,,,,,,,,,
51036,"Piperonyl butoxide",4381,"feed",91,"A",,1981,,,,,2,,,,,,2,,,,,,,,2,,,2,2,2,2,,2,,,,,,,2,,,,,,
116143,"Tetrafluoroethylene",3564,"inhalation",91,"A",,1981,,,,,2,,,,,,,,,,,2,,,2,,,2,,,,,2,,,,2,2,2,2,,,,,,
462066,"Fluorobenzene",1022,"inhalation",28,"A",,1981,,,,,,,,,,,,,,,,,,,,,2,2,,,2,,2,,,,,,,,,,,,,
122521,"Triethylphosphite",1009,"gavage",32,"A",,1981,,2,,,2,,,,,,,,,2,,,,,,,,2,,,,,2,,,,,2,2,2,,,,,2,2
98828,"Cumene",309,"inhalation",90,"A",,1981,,2,,,,,,,,,,,,2,,,,2,,,,2,,,,,2,,,,,,,,,,,,2,2
102012,"Acetoacetanilide",1032,"gavage",28,"A",,1981,,,,,2,,,,,,,1,,1,2,,,,,1,,1,,,1,,2,,,,1,,,,1,,,1,,2
156605,"1,2-Dichloroethylene",2119,"feed",98,"A",,1998,,,,,2,,,,,,,,,,,,,2,,,,,,,,,2,,,,,2,2,2,,,,,,
89623,"2-Nitro-4-methylaniline",1147,"gavage",28,"A",,1981,,,,,,,,,,,2,,,,,,,,,,,2,,,,,2,,,,2,2,2,2,,,,,,
1634044,"Methyl-tertiary-butyl ether",671,"inhalation",91,"A",,1981,,2,,,2,,,,,2,,2,,2,,,,,,,2,2,,,,,2,,,,2,,2,,,,,2,2,
17465860,"gamma-Cyclodextrin",1000,"feed",91,"A",,1981,,2,,,2,,,,,2,,,,,,,2,,,,,,,,,,2,,,,,,,,,,,,,
108394,"Methylphenol,3-",588,"feed",28,"A",,1981,,,,,2,,,,,,,,2,,,,,,,,,,,,,,2,,,,,,,,,,,,,
10016203,"alpha-Cyclodextrin",1004,"feed",91,"A",,1981,,,,,2,,,,,,,,,2,,,2,,,,,,,,,,2,,,,,,,,2,,,,2,
78933,"Methyl Ethyl Ketone",58,"inhalation",90,"A",,1981,,,,2,,,,,2,,,,,,,,,,,,,2,,,,,2,,,,,,,2,2,,,,,
75058,"Acetonitrile",140,"inhalation",90,"A",,1981,,,,,2,,,,2,,,2,2,2,,2,,,,,,2,,,,,2,,,,,,,,2,2,2,,,
1634044,"Methyl-tertiary-butyl ether",456,"gavage",28,"A",,1981,,2,,,,,,,,,,,,,,,,,,,2,2,,,,,2,,,,,,,,,,,,,
107982,"2-Propylene glycol 1-methyl ether",1763,"inhalation",91,"A",,1981,,,,,,,,,,,,,,,,,,,,,,,,,2,2,2,,,,,,,,,,,,,
109999,"Tetrahydrofuran",1785,"inhalation",98,"A",,1981,,,,,,,,,,,2,,,,,,,,,,,,,,,,2,,,,,2,2,2,2,2,,2,,
423392,"Butane, 1,1,1,2,2,3,3,4,4-nonafluoro-4-iodo-",4571,"inhalation",28,"A",,1981,,,,,2,,,,,,,2,,,,,,,,,,,,,,,2,,,,,,,,,,2,,,
7585399,"beta-Cyclodextrin",1005,"feed",90,"A",,1981,,,,,,,,,,,,,,,,,1,,,,,,,,,2,,,,,,,,,,,,,,
106478,"p-Chloroaniline",493,"gavage",90,"A",,1981,,,,,1,,,1,1,,,,,1,1,1,,1,,,,1,,,,,,,,,1,,,1,1,,,1,1,1
541731,"1,3-Dichlorobenzene",2334,"gavage",90,"A",,1981,,,,,2,,,,,1,,,,2,,,,,,,,,,2,,2,,,,,,2,,,,,1,,2,
75058,"Acetonitrile",142,"inhalation",92,"A",,1981,,,,1,,,,,,,,,,1,,2,,,,,,,,2,,,,,,,,,,,,,,,1,
58899,"Lindane",166,"inhalation",90,"A",,1981,,,,,,,,,,,,,,,,,,,,,,,1,,,,,,,,,,,,,,,,,
91576,"2-Methylnaphthalene",4622,"inhalation",28,"A",,2009,,,,,,,,,,,1,,,,,1,,1,,,,,1,,,,,,,,,1,,1,1,,,,,
4098719,"Isophorone diisocyanate",4639,"inhalation",28,"A",,1981,,,,,1,,,,,,,,,1,,,,,,,,,1,,,,,,,,,,,,,,,,1,
947046,"Dodecane-12-lactam",1343,"gavage",90,"A",,1981,,,,,,,,,,,,,,,,,,,,,,,1,,,,,,,,,,,,,,,,,
101779,"4,4´-Methylenedianiline",4323,"drinking water",91,"A",,1981,,,,,1,,,,,,,,,,,,,,,,,,1,,,,,,,,,,,,,,1,,,
95512,"o-Chloroaniline",549,"inhalation",28,"A",,1981,,,,,2,,,1,,,,2,,1,,,,,,,,,1,,,,,,,,,1,1,1,1,,,,,
107153,"Ethylenediamine",108,"feed",90,"A",,1981,2,,,,2,,,,2,2,,,,,,2,,2,,,,,2,,,,,,,,,,,,2,,,,,
10016203,"alpha-Cyclodextrin",1003,"feed",28,"A",,1981,,,,,2,,,,,,2,,,2,,2,2,2,,,,,2,,,,,,,,,2,2,2,,,,,2,
2432997,"11-Aminoundecanoic acid",1940,"feed",28,"A",,1995,,,,,2,,,,,,2,,,2,,,,2,,2,,2,,,,,,,,,,2,2,2,,,,,,
108689,"3,5-Dimethylphenol",1171,"gavage",28,"A",,1981,,,,,1,,,,,,,1,,,,,,,,,,,,,,,,,,,,,,,,,,,,
83410,"3-Nitro-1,2-dimethylbenzene",1049,"feed",28,"A",,1981,,,,,2,,,,,,,,,,,,,,,,,,,,,,,,,,,,,,,,,,,
59676,"Nicotinic acid",1984,"feed",28,"A",,1981,,,,,2,,,,,,,,,,,,,,,,,,,,,,,,,,,,,,,,,,,
107222,"Ethane-1,2-dione",241,"drinking water",28,"A",,1981,,,,,2,,,,,,,,,,,,,,,,,,,,,,,,,,,,,,,,,,,
592416,"1-Hexene",1183,"gavage",28,"A",,1981,,,,,2,,,,,,,,,,,,,,,,,,,,,,,,,,,,,,,,,,,
141979,"Ethyl acetoacetate",903,"gavage",28,"A",,1981,,,,,,,,,,,,2,,,,,,,,,,,,,,,,,,,,,,,,,,,,
99514,"4-Nitro-1,2-dimethylbenzene",1051,"feed",28,"A",,1981,,,,,,,,,,,1,,,,,,,,,,,,,,,,,,,,,,,,,,,,,
763699,"Ethyl 3-ethoxypropionate",2228,"gavage",28,"A",,1981,,,,,,,,,,2,2,,,,,,,,,,,,,,,,,,,,,,,,,,,,,
79107,"Acrylic acid",125,"gavage",90,"A",,1981,,,,,2,,,,,,,,,,,,,,,2,,,,,,,,,,,,,,,,,,,,
583391,"2-Mercaptobenzimidazole",1913,"inhalation",91,"A",,1981,1,,,,1,,,,,,,1,,1,,,,1,1,,,,,,,,,,,,,,,,,1,1,,,
91156,"o-Phthalodinitrile",1064,"feed",90,"A",,1981,,,,,1,,,,,,,1,,,,,,1,,,,,,,,,,,,,,,,,,,,,,
836306,"4-Nitrodiphenylamine",1038,"feed",28,"A",,1981,,,,,1,,,,,,,,,,,,,1,,,,,,,,,,,,,,,,,,,,,,
2530872,"3-Chloropropyltrimethoxysilane",3906,"inhalation",90,"A",,1981,,,1,,,,,,,,,,,,,,,,,,2,,,,,,,,,,,,,,,,,,,
104916,"p-Nitrosophenol",1030,"gavage",28,"A",,1981,,,,,,,,,,,1,,,1,,,,,1,1,,,,,,,,,,,,1,,1,,1,,,,
762049,"Diethylphosphite",1010,"gavage",29,"A",,1981,,,,,2,,,,,2,,2,,,,,,,2,,,,,,,,,,,,,2,,2,,,,,,
2698411,"o-Chlorobenzalmalonitrile",2257,"inhalation",91,"A",,1981,,,,,1,,,,,,,,,,,,,,,,,,,,,,,,,,,,,,,1,,,,
77474,"Hexachlorocyclopentadiene",1126,"inhalation",91,"A",,1981,,,,,1,,,,,,,1,,,,,,,,,,,,,,,,,,,,,,,,,,,,
79221,"Methyl chloroformate",1723,"inhalation",90,"A",,1981,,,,,1,,,,,,,,,,,,,,,,,,,,,,,,,,,,,,,,,,,
79221,"Methyl chloroformate",1724,"inhalation",28,"A",,1981,,,,,1,,,,,,,,,,,,,,,,,,,,,,,,,,,1,1,1,,,,1,,
78853,"Methacrolein",1145,"inhalation",91,"A",,1981,,,,,1,,,,,,,1,,,,,,,,,,,,,,,,,,,,,,,,,,,,
611198,"1-Chloro-2-(chloromethyl)-benzene",1862,"inhalation",28,"A",,1981,,,,,1,,,,,,,1,,,,,,,,,,,,,,,,,,,,1,,1,,,,,,
111922,"Di-n-Butylamine",4570,"inhalation",91,"A",,1981,,,,,1,,,,,,,1,,,,,,,,,,,,,,,,,,,,,,,,,,,,
96457,"Ethylene thiourea",3490,"inhalation",28,"A",,1981,,,,,1,,,,,,,,,,,,,,,,,,,,,,,,,,,1,,,,,1,,,
111922,"Di-n-Butylamine",4569,"inhalation",28,"A",,1981,,,,,1,,,,,,,1,,,,,,,,,,,,,,,,,,,,,,,,,,,,
79107,"Acrylic acid",127,"drinking water",90,"A",,1981,,,,,1,,,,,,,,,,,,,,,,,,,,,,,,,,,,,,,,,,,
107868,"3-Methyl-2-butenal",59,"inhalation",28,"A",,1981,,,,,2,,,,,,,1,,,,,,,,,,,,,,,,,,,,,,,,,,,,
100425,"Styrene",898,"inhalation",91,"A",,1981,,,,,2,,,,,,,,,,,,,,,,,,,,,,,,,,,,,,,,,,,
71432,"Benzene",118,"inhalation",91,"A",,1981,,,,,,,,2,,,,,,2,,,,,,,,,,,,,,,,,,,,,,,,2,,2
123513,"3-Methylbutanol-1",1007,"drinking water",90,"A",,1981,,,,,,,,,,,,,,,,,,,,,,,,,,,,,,,,2,,2,,,,,,
126716,"Triisobutyl phosphate",1035,"feed",91,"A",,1981,,,,,,,,,,,,,,,,,,,,,,,,,,,,,,,,,,1,,,,2,,
54839246,"2-Propylene glycol 1-ethyl ether acetate",1334,"inhalation",28,"A",,1981,,,,,,,,,,,,2,,,,,,,,,,,,,,,,,,,,,,,,,,,,
79947,"Tetrabromobisphenol A",1694,"feed",28,"A",,1995,,,,,,,,,,,,,,,,,,,,,,,,,,,,,,,,,,,,,2,,,
460731,"1,1,1,3,3-Pentafluoropropane",1737,"inhalation",28,"A",,1981,,,,,,,,,,2,2,,,2,,,,,,,,,,,,,,,,,,2,2,2,,,,,2,
460731,"1,1,1,3,3-Pentafluoropropane",1738,"inhalation",91,"A",,1981,,,,,,,,,,2,2,,,2,,2,,,,,,,,,,,,,,,,,2,,2,,,,2,
423392,"Butane, 1,1,1,2,2,3,3,4,4-nonafluoro-4-iodo-",4587,"inhalation",91,"A",,2009,,2,,,,,,,,2,,,,,,,,,,,,,,,,,,,,,,,,,,,2,,,
98041045,"98-04-1045",386,"gavage",28,"A",,,,,,,,,,,,,2,,,1,,1,,,,,,,,,,,2,,,,,2,,2,,,,,1,
98041046,"98-04-1046",235,"gavage",28,"A",,,,2,,,,,,,,,,,,,,,,2,,,,,,,,,,,,,,,,2,,,,,,
98041051,"98-04-1051",237,"gavage",28,"A",,,,,,,1,2,,,,,,1,,,,1,,,,,,1,,,,,1,,,,,,,,,1,,,,
98041073,"98-04-1073",387,"gavage",28,"A",,1995,,,,,,,,,,,,,,,,,,,,,,,,,,1,1,,,,,,,,,1,,1,,
98041076,"98-04-1076",362,"gavage",28,"A",,,,,,1,1,,,,,,,1,,,,,,,,,,1,,,,,,,,,,,,,2,,,,,
98041083,"98-04-1083",363,"gavage",28,"A",,,,,,,,,,,,,,,,2,,,,,,,,,,,,,2,,,,1,2,,1,,,,,,
98041085,"98-04-1085",240,"gavage",28,"A",,,,,,2,,,,,,,,,,,,,,,,,,,,,,,2,,,,,,,,,,,,,
98041086,"98-04-1086",198,"gavage",28,"A",,,,,,,,,,,,,,2,,,,,,,,,,,,,,,,,,,,,,,,,,,,
98041093,"98-04-1093",369,"gavage",28,"A",,,,,,,,,,,,,,2,,,,,,,,,,,2,,,,2,,,,,,,,,,,,,
98041095,"98-04-1095",298,"gavage",28,"A",,1995,,,,,2,,,,,2,,2,,,,,,,,,,,,,,,2,1,,,2,,,,2,2,,,,
98041102,"98-04-1102",239,"gavage",28,"A",,,,,,,,,,,1,,,,,,,2,,,,,,,,2,2,1,2,,,,2,2,,2,,2,,2,,
98041103,"98-04-1103",391,"gavage",28,"A",,,,,,,,,,,,,,,,,,,,,,,,,,,,,1,,,,,,,,1,,,,,
98041107,"98-04-1107",232,"gavage",28,"A",,1995,,,,,,,,,,1,,,,,,,,,,,,,,,,,,,,,1,,,1,,,,,,
98041110,"98-04-1110",274,"gavage",28,"A",,1995,,,,,,,,,,1,1,,2,2,,,,,,,,2,,,,,,,,,1,,,,,,,2,2,
98050302,"98-05-0302",785,"feed",28,"A",,1981,,,,,,,,,,2,,,,,,,,,,,,,,,,,,,,,2,2,,2,,,,,,
98050303,"98-05-0303",786,"gavage",28,"A",,1981,,,,,,,,,,,,2,,2,,,,,,,,,,,,,2,,,,,,,,,,,,,
98050310,"98-05-0310",789,"gavage",28,"A",,,,,,,,,,,,1,1,,,1,,,,,,,,,,,,,,,,,,,,,,,,,1,
98061049,"98-06-1049",796,"gavage",28,"A",,1995,,,,,,,,,,,,,,,,1,,,,,,,,,,,,,,,,,,,,,,,,
98061067,"98-06-1067",798,"gavage",28,"A",,1995,,,,,2,,,,,,,2,,,,,2,,,,,,,2,,,,,,,,,,,2,,,,,
98061079,"98-06-1079",799,"gavage",28,"A",,1995,1,1,,,,2,,,,,1,,,,,,,,,,,1,2,,1,,1,,,,1,,,,,,,,,
98061108,"98-06-1108",801,"gavage",28,"A",,1995,,,,,,,,,,,,,,,1,,,,,,,1,,,,,1,,,,1,,,2,1,,,,,
98061109,"98-06-1109",802,"gavage",90,"A",,,,1,,,1,1,,,,1,1,1,,1,,1,1,1,,,,1,,1,,,1,,,,1,,,1,1,,,1,1,
98061116,"98-06-1116",803,"gavage",28,"A",,1995,,,,,2,2,,,,1,,,,2,,2,,,,,,1,,,2,,1,,,,,,,,1,,,2,2,
98061117,"98-06-1117",804,"gavage",28,"A",,1995,,,,,1,,,,,,,,,1,,,,1,,,,,,1,,,,,,,1,,,1,,,,,1,
98061122,"98-06-1122",807,"gavage",28,"A",,1995,,,,,,,,,,,,2,,,,,,,,,,,,,1,,1,,,,,,,,,,,,,
98061136,"98-06-1136",808,"gavage",28,"A",,1995,,,,,,,,,,2,,,,,,,,,,,,,,,,,,,,,,,,,,,,,,
98061139,"98-06-1139",809,"feed",90,"A",,1998,,,,,,2,,,,,,,,,,,,,,,,,,,,,,,,,1,,,,,,,,,
98061146,"98-06-1146",810,"gavage",28,"A",,1995,,,,,,,,,,,,,,,,,,,,,,,1,,2,2,1,,,,2,,,2,,,1,2,,
98061147,"98-06-1147",811,"feed",90,"A",,1998,,,,,,1,,,2,,,,2,,,2,,,2,,,,,,,,,2,,,,,,,,,2,,,
98070139,"98-07-0139",815,"gavage",28,"A",,1981,,,,,,,,,,,2,,,1,,,,,,,,,,,2,,2,,,,,,,,,,,,,
98070141,"98-07-0141",817,"gavage",28,"A",,,,,,,,2,,,,,1,1,,,,,,2,2,2,,,,,,,,,,,2,,,2,,,,2,,
98070144,"98-07-0144",818,"gavage",28,"A",,1981,,,,,,,,,,,,,,,,,,2,,,,2,,,2,,2,,,,,,,,,,,,,
98070146,"98-07-0146",820,"gavage",28,"A",,1981,,,,,,,,,,,,1,,2,,,,1,1,1,,,,,2,,1,,,,,,,,,,,1,1,
98070153,"98-07-0153",821,"gavage",28,"A",,1981,,,,,1,,,,,,,,1,,,,,1,1,,,1,,,,1,1,,,,,,,,1,,,1,,
98070159,"98-07-0159",823,"gavage",28,"A",,1981,,,,,,,,,,,,1,,,,,,,,,,,,,,,,,,,,,,,,,,,,
98140020,"98-14-0020",825,"gavage",28,"A",,1981,,,,1,,,,,,,,,,,,,2,,,,,2,,,,,,,2,,,,,,,,,2,,
99010562,"99-01-0562",893,"gavage",28,"A",,,,,,,,,,,,,,,,,,1,,,,,,,,2,2,,1,,,,2,,,2,2,2,,,,
99010564,"99-01-0564",894,"oral unspecified",28,"A",,1981,,,,,,,,,,,,2,1,2,,,,,,,,,,,2,,2,,,,,,,,,,,,,
99010583,"99-01-0583",898,"feed",28,"B",,1981,,,,,1,,,,,,,,,,,,,,,,,,,2,,,2,,,,,,,,,,,,,
99010585,"99-01-0585",899,"gavage",28,"B",,1981,2,1,,,,,,,,,,,,2,,,1,,1,,,,,,2,,1,,,,,,,,,,,1,1,
99030434,"99-03-0434",830,"oral unspecified",28,"A",,1981,,2,,,2,2,,,,,,2,,1,2,,,,,,,,,,1,,2,,,,1,,,1,2,,,,1,
99030436,"99-03-0436",831,"gavage",28,"A",,1981,,,,,,,,,,,,2,,,,,,1,,,,,,,,2,2,,,,,,,,,,,2,,
99030453,"99-03-0453",838,"feed",28,"A",,,,,,,,,,,,,,,,,,,,,,,,,,,,,1,,,,,,,,,,,,,
99041123,"99-04-1123",202,"gavage",28,"A",,,,,,,,,,,,2,,1,,1,,,,,,,,,,,2,,2,,,,,,,,,,,1,1,
99041130,"99-04-1130",229,"gavage",28,"A",,,,,,,1,1,,,,1,,1,,2,2,,,2,,,,,,1,,1,1,,,,1,,,1,1,,2,1,1,
99041135,"99-04-1135",204,"gavage",28,"A",,,,,,,2,2,,,1,,,2,,2,,2,,2,,,,,,,,,,,,,,,,,,2,,,2,
99041139,"99-04-1139",267,"gavage",28,"A",,1995,,,,2,,,,,,,,2,,,,,,,,2,,2,,,,,2,,,,,,,,,,,1,,
99041141,"99-04-1141",392,"gavage",28,"A",,,1,,,,,,,1,,,1,1,1,1,,,,,,,,1,,,,,1,,,,1,1,,1,1,,,1,1,
99041142,"99-04-1142",75,"gavage",28,"A",,,,,,,1,,,,,1,1,1,,1,,,,,,,,1,,,,,1,,,,2,,,2,,,,2,1,
99041142,"99-04-1142",76,"feed",28,"A",,,,,,,2,2,,,,,,,,2,,,,1,,,,,2,,1,1,,,,,,,,2,,,,2,,
97060954,"97-06-0954",748,"oral unspecified",28,"A",,1981,,,,,,,,,,,,,,2,,,,,,,,,,,,,,,,,,,,,,,,2,,
97060977,"97-06-0977",753,"gavage",28,"A",,1981,,,,,,,,,,,,2,,,,,,,,1,,,,,,,,,,,,,,,,,,1,,
97061005,"97-06-1005",761,"gavage",28,"A",,1981,,,,,,,,,,,,2,,,,,,,,,,,,,,,2,,,,,,,,,,,,,
97061009,"97-06-1009",763,"gavage",28,"A",,,,,,,,,,,,,,,,,,,,,,1,2,1,,,,,2,,,,,,,,,2,,1,,
97061017,"97-06-1017",766,"gavage",28,"A",,1995,,,,,,,,,,,,1,,,,,,1,,1,,,1,1,,,1,,,,,,,,1,,,1,,
97061024,"97-06-1024",767,"gavage",28,"A",,1995,,,,,,2,,,,,,,,,,1,,,,,,,,,,,,,,,,,,,,,,2,,
97061026,"97-06-1026",768,"gavage",28,"A",,1995,,,,,,,,,,,,,,,,,,,,1,1,,,,1,,2,,,,,,,,,,,1,,
97070116,"97-07-0116",772,"gavage",28,"A",,1981,,,,,,1,,,,,,,,2,,,,,,,,,,,,,,,,,,,,,,,,,,
97110143,"97-11-0143",775,"gavage",28,"A",,,,,,,2,2,,2,,,2,2,2,2,,2,,,,2,,,,,,,,,,2,,,,,2,2,,2,2,
98010528,"98-01-0528",889,"feed",28,"A",,,,,,,,,,,,,,,,1,,,,,,,,,,,,,2,,,,,,,,,,,,,
98010543,"98-01-0543",890,"gavage",28,"A",,1981,,,,,,,,,,,1,,,,,,,,,,,,,,,,,,,,,,,,,,,,,
98030421,"98-03-0421",780,"gavage",28,"A",,1995,,,,,1,,,,,,,,,,,,,,,,,2,,,,,2,,,,2,,2,2,2,,,,,
98030427,"98-03-0427",782,"gavage",28,"A",,1995,,,,,1,1,,,,,,,1,1,,,,,,,,,,,1,,1,1,1,1,1,,,1,1,,,,,
98030429,"98-03-0429",784,"gavage",28,"A",,1995,,,,,2,2,,,,,,,,,,,,,,,,,,,,,2,,,,,,,,,,,,,
98041024,"98-04-1024",287,"gavage",28,"A",,,,,,,,,,,,,,,,,,,,,,,,,,,2,,1,,,,,,,,,,,,,
98041025,"98-04-1025",195,"gavage",28,"A",,,,,,,,,,,,,,,,,,,,,,,,,,,,,2,2,,,,,,,,,,,,
98041029,"98-04-1029",196,"gavage",28,"A",,,,,,,,,,,,,1,,,2,,2,,,,,,,,,,,2,,,,,,,,,,,,2,
99041142,"99-04-1142",77,"inhalation",90,"A",,,,,,,,1,,,,,1,1,,,,,,,,,,,,,,,,,,,,,,,,,,,,
99041144,"99-04-1144",43,"gavage",90,"B",,,,,,,,2,,,,,,,,2,,,,,,,,,,,,,,,,,,,,1,1,,,,,
99041176,"99-04-1176",253,"gavage",28,"A",,,,1,,,,,,,,,,,,,,1,,,,,,,,,,,1,,,,,,1,,1,,,,,
99041185,"99-04-1185",44,"gavage",28,"A",,,,,,,,2,,,,,,2,,,,,,,,,,,,,,,,,,,,,,,,,,,,
99041196,"99-04-1196",370,"gavage",28,"A",,,,,,,,,,,1,1,1,,,,,,,,,,,1,2,,,,,,,,2,,,,1,,,,,
99041202,"99-04-1202",225,"feed",28,"A",,,,,1,,,1,,,,,,,,,,,,1,1,1,,,,,,,,,,,,,,2,,,,1,,
99041203,"99-04-1203",207,"gavage",28,"A",,,,,,,,2,,,,,,,,,,,,,2,,,,,,,,,,2,,,,,,,2,,,,
99041207,"99-04-1207",175,"gavage",28,"A",,1995,,,,,,,,,,,,,,2,,,,,,,,,,,,,,,,,,,,2,,,,,,
99041211,"99-04-1211",171,"feed",90,"A",,1998,,,,,,,,,,,,,,,,,,,,,1,1,,,,,,,1,,,,,,1,,1,,,
99041214,"99-04-1214",378,"feed",28,"A",,,,,,,2,,,,,1,,,,,,,,,,,,,,,,,,,,,,,,,,,,,,
99050348,"99-05-0348",844,"gavage",28,"A",,1981,,,,,2,,,,,2,,,,1,,,,1,1,1,,2,,,,,1,,,,1,,,,,,,1,,
99050350,"99-05-0350",606,"oral unspecified",28,"A",,1995,,,,,,,,,,,,1,,1,,,1,,,,,,,,,,1,,,,,,,,,,,,1,
99061219,"99-06-1219",601,"gavage",28,"A",,1995,,,,,,,,,,,,,2,,,2,,,,,,,,,,,,,,,,,,,,,,,,
99061267,"99-06-1267",596,"gavage",28,"A",,1995,,,,,,,,,,,,,,,,,,,,,,,,2,,2,2,,,,,,,,,,2,2,,
99061281,"99-06-1281",591,"gavage",28,"A",,1995,,,,,,,,,,,,,,,,,,,,,,,,,,,,,,,,,,,,1,,,,
99061289,"99-06-1289",588,"gavage",28,"A",,1995,,,,,1,,,,,,1,1,,1,,1,,1,,,,1,,,1,,1,,,,,,,,1,,,,1,
99061306,"99-06-1306",584,"gavage",28,"A",,1995,,,,2,,2,,,,,2,,,1,,,,,,2,2,2,,,,,,,,,,,,,,,,1,,
99061316,"99-06-1316",583,"gavage",28,"A",,1995,,,,,,2,,,,,1,1,,2,,,,1,,,,1,2,,,,2,,2,,,,,,2,,,2,2,
99070170,"99-07-0170",582,"gavage",28,"A",,1995,,,,,,,,,,,1,,,,,1,,,,,,,,,,,1,,,,1,1,1,1,,,,1,,
99070178,"99-07-0178",580,"gavage",28,"A",,1981,,,,,,,,,,,,,,,,,,,,,,,,,,,,,,,,,,1,,,,,,
99070181,"99-07-0181",578,"gavage",28,"A",,1995,,,,,,,,,,,,,,,,1,,,,,,,,,2,,1,,,,1,1,,1,1,,,1,,
99070183,"99-07-0183",577,"gavage",28,"A",,1995,,,,,,,,,,,,1,,,,,,,,,,,,,,,,,,,,,,,,,,,,
99070184,"99-07-0184",576,"gavage",28,"A",,1995,,,,,,2,,,,,2,1,,1,,,,,,,,2,,,2,,,,,,,,,,,,,,1,
99080084,"99-08-0084",574,"gavage",28,"A",,1995,,,,,,,,,,,,,,,,,,,,,,,,,2,,2,,,,,,,,,,,,,
99110167,"99-11-0167",573,"oral unspecified",28,"A",,1981,,,,,,1,,,,,,1,,,,,,,,,,,,,,,,,,,,,,,,,,,,
99110170,"99-11-0170",572,"oral unspecified",28,"A",,1995,,,,,,,,,,,,,,,,,,,,,,,,,2,2,2,,,,,,,,,,,2,,
10622,"00-01-0622",607,"gavage",28,"B",,1981,,,,,,2,,,,,,,,,,,,1,,,,2,,,1,,1,,,,2,,,2,,,,,,
20265,"00-02-0265",435,"gavage",28,"A",,1995,1,,,,1,1,,,,,,2,,1,,,,,,,,,,,,,,,,,,,,,2,2,,2,,
20277,"00-02-0277",437,"gavage",28,"A",,1981,,,,2,,,,,,,,1,,,,,,,,,,,,,,,2,,,,,,,,,,,,,
20300,"00-02-0300",440,"feed",90,"A",,1981,,,,,,,,,,,,,,,,,,,,,,,1,,,1,,,,,1,,1,1,,,,1,,
41216,"00-04-1216",323,"gavage",28,"A",,1995,,,,,1,,,,1,,1,1,1,1,,,,,,,,1,,,,1,1,,1,1,,,,1,2,,,1,2,
41216,"00-04-1216",325,"gavage",91,"A",,1998,1,,,,,,,,,,1,1,1,1,,,,,,,,1,,,,,1,,,1,1,,,1,,,,1,1,
41218,"00-04-1218",231,"gavage",28,"A",,1995,,,,,,2,,,,,,2,,,,,,,,,,,,,,,,,,,,,,,,,,,,
41231,"00-04-1231",261,"gavage",28,"A",,1995,,,,,2,,,,,1,2,2,,2,,,,,,,,2,,,,,2,,,,2,,,2,,,,,,
41234,"00-04-1234",388,"gavage",28,"A",,1981,,,,,,,,,,,1,1,,2,,,,,,,,1,1,1,1,,1,,,,,,,,,,,1,1,
41234,"00-04-1234",389,"feed",90,"A",,1981,,,1,,,1,,,,,,,,,,,,,,,,,1,,1,,1,,,,,,,,,,,,,
41245,"00-04-1245",2,"gavage",28,"A",,,,,,,,2,,,,,,,,,,,,,,,,,,,,,,,,,,,,,,,,,,
41268,"00-04-1268",3,"gavage",28,"A",,,1,1,,,,1,,,,1,,,,,,,,,,,,,,,,,,1,,,,,,,1,,,1,,
41271,"00-04-1271",260,"gavage",28,"A",,1981,,,1,,,,,,,,,,,,,,1,2,,,,,,,,,,,,,,,,,,,,,,
41292,"00-04-1292",4,"gavage",28,"A",,,2,,,,,,,,,,,2,,,,,,,,,,,,,,,,,,,,,,,,,,,,
41292,"00-04-1292",5,"gavage",28,"",,,2,,,,,,,,,,,2,,,,,,,,,,,,,,,,,,,,,,,,,,,,
50361,"00-05-0361",447,"oral unspecified",90,"A",,1981,,,,,2,,,,,,,1,,,,,,,,,,,,,,,,,,,,,,,,,,,,
50365,"00-05-0365",449,"feed",90,"A",,1981,,,,,2,,,2,,,,,,,2,,,,,,,,2,2,2,,2,,,,2,2,,2,2,,,,,
50378,"00-05-0378",451,"gavage",28,"A",,1981,,,,,2,,,,,,,,,2,,,,,,,,,,,,,,,,,2,,,,,,,2,,
61336,"00-06-1336",457,"gavage",28,"A",,1995,,,,,,1,,,,,,,,,,,,,,,,,,,,,,,,,,,,,,,,,,
61342,"00-06-1342",458,"gavage",28,"A",,1995,,,,,,,,,,,,,,,,,,,,,,,2,,,,,,,,,,,,,,,,,
61343,"00-06-1343",459,"gavage",28,"A",,1995,,,,,1,2,,,,1,1,2,2,1,,,1,1,,1,,,2,,1,,,1,,1,2,,,2,2,1,,1,1,
61345,"00-06-1345",460,"oral unspecified",28,"A",,1995,,,,,,,,,,,,,,,1,,,,,,,,,,,1,,,,,1,,,2,,,,1,,
61346,"00-06-1346",461,"gavage",28,"A",,1995,,,,,,,,,,,1,,2,,,,,,,,,,,,,,,,,,,,,,,,,,,
61350,"00-06-1350",462,"gavage",28,"A",,1995,,,,,,,,,,,,,,,,,,,,,,,,,,,2,,,,,,,,,,,,,
61367,"00-06-1367",464,"gavage",28,"A",,1995,,,,,2,1,,1,,2,,2,2,,,,2,1,1,,,2,,,,1,1,2,,2,1,,,1,2,1,,1,,
61377,"00-06-1377",465,"gavage",28,"A",,1995,,,,,,,,,,,,,,,,,,,,,,,,,,,1,,,,,,,,,2,,,,
61378,"00-06-1378",466,"gavage",28,"A",,1995,,,,,,,,,,,,1,,,,,,2,,,,2,,,2,,2,,,,,,,,,,2,,,
61390,"00-06-1390",467,"gavage",28,"A",,1995,,,,,,,,,,,,2,,1,,,,,,2,,1,,1,,2,2,,,,2,2,,2,2,,,2,2,
61402,"00-06-1402",469,"gavage",28,"A",,1995,,,,,,,,,,,,2,,,,,,,,,,,,,,,,,,,,,,,,,,,,
61410,"00-06-1410",471,"gavage",28,"A",,1995,,,,,,,,,,,,2,,1,,,,,,,,,,,1,,1,,,,1,,,1,,,,,,
61417,"00-06-1417",473,"gavage",28,"A",,1995,,,,,,1,,,,,,,,,,,,,,,,,,,1,,1,,,,,,,,,,,,,
61429,"00-06-1429",476,"gavage",28,"A",,1995,,,,,,2,,,,2,,2,,,,,,,,,,1,2,2,2,,2,,,,,,,,,,,,,
61439,"00-06-1439",478,"gavage",28,"A",,1995,1,,,,,,,,,,,1,,,,,,,,,,,,,,,,,,,,,,1,,,,,,
61445,"00-06-1445",481,"gavage",28,"A",,1995,,,,,,2,,2,,,,2,,2,,,,,,,,,,,,,2,,,2,2,,,,2,2,,2,2,
70191,"00-07-0191",482,"oral unspecified",28,"A",,,,,,,,,,,,,,2,,,,,2,,,,,,2,,,,,,,,,,,,2,,,2,,
70193,"00-07-0193",483,"oral unspecified",28,"A",,1981,,,,,,,,,,,,,,,,,,,,2,,2,,,1,,2,,,,,,,,1,2,,2,,
70206,"00-07-0206",484,"gavage",28,"A",,1981,,,,,,,,,,,2,2,,,,,2,,2,,,,1,1,2,2,1,,,,,,,,,,,2,,
1020303,"01-02-0303",491,"gavage",28,"A",,1995,1,1,,,,1,,1,,,,1,1,,1,,1,,,,,1,,,,,1,1,,,,,,,1,1,,1,,
1020317,"01-02-0317",494,"gavage",28,"A",,1995,,,,,,,,,,,,2,,,,,,,,,,,,,,,,,,,,,,,,,,,,
1030485,"01-03-0485",495,"gavage",28,"A",,1981,,,,,1,,,,,,,1,,,2,,,,,,,,2,1,2,,,,,,1,,,1,,,,,,
1041372,"01-04-1372",268,"gavage",28,"A",,,,2,,,,,,,,,2,,,,,,,,,,,2,,,,,,,,,2,2,2,2,,,,,,
1041383,"01-04-1383",269,"gavage",28,"A",,1995,,,,,,,,,,,,,,2,,,,,,,,,,,,,2,,,,,,,,,,,,,
1041408,"01-04-1408",15,"gavage",28,"",,,,,,,,,,,,,,,,,,,,,,,,,,1,,2,,,,,,,,,,,,2,,
1041414,"01-04-1414",282,"gavage",28,"A",,1995,,,,,,,,,,,,,,2,,,,,,,,,,,,,,,,,,,,,,,,,,
1041420,"01-04-1420",294,"gavage",28,"A",,1995,,,,,,,,,2,,,,1,2,,,,2,,,,,,,,,2,,1,,2,,,,,,,,,
1041422,"01-04-1422",273,"gavage",28,"A",,1995,,,,,,,,,,,,,,,,2,,,,,,,,,,2,,,,,2,,,,,,,2,,
1050400,"01-05-0400",496,"gavage",28,"A",,1995,,,,,,1,,,,,1,,,,,,1,2,1,,,1,,,,,,,,,,,,,,,,,,
1050405,"01-05-0405",500,"gavage",28,"A",,1981,,,,,,,,,,,1,,,,,,,,,,,,,,,,,,,,1,,,1,1,,,,,
1061448,"01-06-1448",499,"gavage",28,"A",,1995,,,,,,,,,,,,1,,,,,,,,,,,,,,,,,,,,,,,,,,,,
1061487,"01-06-1487",503,"gavage",28,"A",,1995,,,,,,,,,,,,,1,1,,,,1,,,,,1,1,1,,1,,,1,1,1,,1,1,1,2,1,1,
1061519,"01-06-1519",504,"gavage",28,"A",,1995,,,,,,,,,,,,2,,,,,,,,,,,,,1,,2,,,,,,,,,,,,,
1061522,"01-06-1522",505,"gavage",28,"A",,1995,,,,,,,,,,,,2,,,,,,,,,,,,,1,,,,,,,,,,,,,,,
1061532,"01-06-1532",506,"oral unspecified",28,"A",,1995,,,,,,,,,,,,1,,,,,,,,,,,,,,,2,,,,,,,,,,,,,
1070210,"01-07-0210",567,"gavage",28,"A",,1981,,,,,,,,,,,2,,,1,,,,,2,,,,,,2,,2,,,,,,,,2,,,1,1,
1140044,"01-14-0044",608,"gavage",28,"B",,1995,,1,,,1,,,,,,,,,,,,,1,,,,,,,,,1,,,,,,,,,1,,,,
2020331,"02-02-0331",514,"gavage",28,"A",,1995,,,,,,,,,,,,2,2,,,,,1,,,,1,,,1,1,1,2,,,,,,,,2,2,1,,
2041434,"02-04-1434",295,"gavage",28,"A",,1995,,1,,,1,2,,,,,,2,1,,,,1,,,,,,,,2,,1,,,,,,,,2,1,,2,,
2041445,"02-04-1445",416,"gavage",28,"A",,1981,,,,,,,,,,,,,,,,,,1,1,1,,,,,,,,,,,,,,,,,,1,,
2041445,"02-04-1445",417,"gavage",90,"A",,1998,,,,,,,,,,1,,1,,,,,,1,,1,,1,,,,,,,,,,,,,1,,,1,,
2041451,"02-04-1451",281,"gavage",28,"A",,1995,2,,,,2,2,,,,,2,,,1,2,,,2,2,2,,2,2,1,,1,2,,,,1,,,1,1,2,,1,2,
2041453,"02-04-1453",57,"gavage",28,"A",,,,,,,,,,,,,,,,,,,,,,,,,,,1,,1,,,,,,,,,,,,,
2041459,"02-04-1459",283,"gavage",90,"A",,1981,,,,1,,,,,,,,,,,,,,,,,,,,,,,,,,,,,,,,,,1,,
2041484,"02-04-1484",285,"gavage",28,"A",,1995,,,,,,,,,,,,,,2,,,,,,,,2,,,,,2,,,,,,,,,,,,2,
2041488,"02-04-1488",317,"gavage",28,"A",,1995,,,,,,,,,,,2,2,,,,,,,,,,,2,2,2,2,2,,,,,,,,,,,2,,
2041529,"02-04-1529",292,"gavage",28,"A",,1995,,,,,,,,,,,,,2,,,,,1,,,,,,,,,2,,,,,,,,,,,,,
2041554,"02-04-1554",159,"drinking water",90,"A",,1998,,,,,,,,,,,,,,,,,,,,,,2,1,,,,,,,,,,,,,,,,,
2061556,"02-06-1556",518,"gavage",28,"A",,1995,,,,,,2,,,,,,,,,,,,,,,,,,,,,,,,,,,,,,,,,,
2070231,"02-07-0231",610,"gavage",28,"A",,1995,,,,,,,,,,,,2,,2,,,,,,,,2,,,,,2,,,,,,,,,,,,,
2120113,"02-12-0113",612,"gavage",28,"A",,1995,,1,,,1,,,,,,1,1,,1,,,,,,,,1,,,,,1,,,,1,,,,,,,1,1,
3041559,"03-04-1559",299,"gavage",28,"A",,1995,,,,,,1,,,,,,,,,1,,,,,,,,,,,,,,,,1,,,1,1,,,,,
3041564,"03-04-1564",23,"gavage",28,"A",,,,,,,,,,,,,1,,,,,,,,,,,1,,,,,1,,,,,,,,,,,,,
3041610,"03-04-1610",423,"gavage",28,"A",,,,,,,,,,,,,2,1,,2,,,,,,,,,,,,,2,,,,,,,,,,,2,2,
3041639,"03-04-1639",313,"gavage",28,"A",,1995,2,2,2,,2,2,,2,,1,2,2,2,2,2,2,,,2,2,,2,2,2,,,2,2,,,2,,,2,2,2,,2,2,
3041646,"03-04-1646",415,"gavage",28,"A",,1995,,,,,,2,,,,,,,2,2,,,,2,,,,,,,,,,,,,2,2,,2,1,2,,,2,
3041664,"03-04-1664",30,"gavage",28,"",,,,,,1,,,,,,2,,1,,1,,,,,,1,,2,,,1,,2,,,,,,,,,,,1,,
3041664,"03-04-1664",31,"gavage",90,"A",,,,,,,,,,,,,,,,1,,,,,,,,1,,,,,1,,,,2,1,,2,,1,,,1,
3041669,"03-04-1669",308,"gavage",28,"A",,1995,,,,,,2,,,,,,,,2,,,2,,,,,,,,,,,,,,,,,,2,2,,2,2,
85040025,"85-04-0025",153,"feed",28,"A",,,,,,,,2,,,,,,,,,,,,,,,,,,,,,1,,,,,,,,,,,,,
86040039,"86-04-0039",150,"gavage",28,"A",,,,,,,,2,,,,,2,,,,,,,1,,,,2,,,,,2,,,,,,,,,,,,,
87040056,"87-04-0056",60,"gavage",28,"A",,,,,,,1,,,,,,,,,,,,,,,,,,,,,,,,,,,,,,,,,,,
87040058,"87-04-0058",63,"gavage",28,"B",,,,,,,,,,,,,,,,,,,,,,,,2,,,,,2,,,,,,,,,,,,,
87040059,"87-04-0059",112,"feed",28,"B",,,,,,,,,,,,,,,,,,,,1,,,,,1,,,,,,,,,,,,,,,,,
87040066,"87-04-0066",61,"gavage",28,"A",,,,,,,1,,,,,,,,,,,,,,,,,,,,,,,,,,,,,,,,,,,
87040079,"87-04-0079",332,"gavage",28,"A",,,,,,,,1,,,,,,1,,,,,,,,,,,,,,,,,,,,,,,,,,,,
87060093,"87-06-0093",523,"gavage",28,"A",,,,,,,,,,,,,,,,,,,,,,,,,,,,,2,,,,,,,,,,,,,
88040119,"88-04-0119",89,"feed",84,"A",,,,,,,,,,,,,,,,,,,,,,,,,,,,,,,,,2,,,,,,,,,
88040122,"88-04-0122",90,"gavage",28,"A",,,,1,,,,,,,,1,,,,,,,,,,,,,,,2,,,,,,,,,,,,,,,
88040142,"88-04-0142",385,"feed",28,"A",,1981,,,,,1,,,,,,,,,2,,,,,,,,2,,,,,2,,,,2,,,,,,,,2,
88040148,"88-04-0148",334,"gavage",28,"A",,,,,,,,,,,,,,,,,,,,,2,,,2,2,2,,,1,,,,,,,,,,,,,
89040173,"89-04-0173",95,"gavage",28,"B",,,,,,,2,,,,,1,,1,,,,,,,,,,,,,2,,1,,,,,,,,,,,,,
89040186,"89-04-0186",336,"gavage",28,"A",,,,,,,,,,,,,,2,,,,,2,,,,,,,,,,,,,,,,,,,,,,,
89040217,"89-04-0217",99,"gavage",28,"B",,,,,,,1,,,,,,,,,,,1,,,,,,,1,,,,,,,,,,,,,,,,,
89040218,"89-04-0218",250,"feed",28,"A",,,,,,,,,,,,,,,,,,,,,,,,1,,,,,,,,,,,,,,,,,,
89040218,"89-04-0218",251,"feed",90,"A",,,,,,,,1,,,,,1,,1,,,,,,,,,1,,,,,1,,1,1,1,,,1,,,,,,
89060179,"89-06-0179",509,"gavage",28,"A",,,,,,,,,,,,,,,,,,,,2,1,,,1,,,,,2,,,,,,,,,,,,,
89060179,"89-06-0179",510,"feed",90,"A",,,,,,,,1,,,,,,,,,,,,1,1,,,2,,,,,,,,,,,,,,,,,,
90010136,"90-01-0136",881,"gavage",28,"A",,,,,,,,,,,,,,,,1,,,,,,,,,,,,,2,,,,,,,,,,,,,
90040235,"90-04-0235",399,"gavage",28,"A",,1981,,1,,,,,,,,,,,,,,,,,,,,,2,,,,,,,,,,,,,,,,,
90040238,"90-04-0238",405,"gavage",28,"A",,,,,,,2,,,,,,,2,,,,,,,,,,,2,,,,2,,,,,,,,,,,,,
90040242,"90-04-0242",406,"gavage",90,"A",,,,,,,,,,,,,,,,,,,,,,,,,,,,,,,,,,,2,,,,,,,
90040256,"90-04-0256",349,"gavage",28,"A",,,,,,,,,,,,,,,,,,,,,,,,,1,,,,,,,,,,,,,,,,,
90040264,"90-04-0264",101,"inhalation",28,"B",,,,,,,2,2,,,2,,2,,,2,,,2,,,2,,,2,,,,,,,2,,,,2,2,2,,2,2,
90040264,"90-04-0264",102,"inhalation",90,"B",,,1,,,,,,,,,,,1,,,,,,2,,,,,,,,,,,,,,,,,,,,,,
90040268,"90-04-0268",104,"gavage",28,"B",,,,,,,,1,,,,,,2,,,,,,,,,,,,,,,,,,,,,,,,,,,,
90040293,"90-04-0293",137,"gavage",28,"A",,,,,,,,,,,,,1,,,1,,,,,,,,1,1,,,,1,,,,1,,,,,,2,,1,
90040293,"90-04-0293",139,"feed",90,"A",,,,,,,,,1,,,1,,,,1,,,,1,1,,,1,2,1,1,1,1,,,,1,,,1,,,1,1,1,
90040293,"90-04-0293",141,"inhalation",90,"A",,,,,,,,,1,,,,1,1,,1,,1,,,,,,,,,,,,,,,,,,,,,,,1,
90040300,"90-04-0300",108,"gavage",28,"A",,,,,,,,1,,,,,,,,1,,,,,,,,1,,,,,,1,1,1,1,,,1,1,,,1,1,
90040310,"90-04-0310",109,"drinking water",28,"A",,,2,,,,1,,,,2,,1,,,,,2,,2,,,,1,2,,,,2,,2,,,,,,2,,,,,
90040315,"90-04-0315",411,"gavage",28,"A",,,,,,,,,,,,,,,,,,,,,,,,,,,,,2,,,,2,,,2,,,,,,
90040321,"90-04-0321",412,"feed",28,"A",,,,,,,,,,,,,,,,,,,,,,,,,,,,,2,,,,,,,,,,,,,
90040325,"90-04-0325",352,"gavage",28,"A",,1981,,,,,,,,,,,,2,,,,,,1,,1,,1,,,,1,2,,,,,,,,,,,1,,
90060244,"90-06-0244",511,"gavage",28,"B",,,2,,,,,,,,,,,,,,,,,2,,,,,,,,,,,,,,,,,,,,,,
90060249,"90-06-0249",524,"gavage",28,"A",,,,,,,,1,,,1,,1,,,1,,,,1,,,,1,1,,,,,,1,,2,,,2,,,,,,
90070011,"90-07-0011",613,"gavage",28,"A",,,,,,,,,,,,,,2,,,,,,,,,,,,,,,,,,,,,,,,,,,,
91010159,"91-01-0159",525,"gavage",90,"A",,1981,,,,,,,,,,,2,,,,,,,,,,,,,,,,,,,,,,,,,,,,,
91040391,"91-04-0391",426,"gavage",28,"A",,,2,1,,,,2,,,,2,2,,1,,,,,,,,,,,,,,1,2,,,2,2,,2,,1,1,,,
91040393,"91-04-0393",164,"gavage",28,"A",,,,,,,1,,,,1,,,,,,,1,,,,,,,1,,,,,,,,,,,,1,,,,,
91040395,"91-04-0395",427,"gavage",28,"A",,,,2,,,,,,,,,,2,,,,,2,,,,,,,,,,2,,,,,,,,,,,,,
91040404,"91-04-0404",172,"gavage",28,"A",,1981,,,,,1,,,,,,,,,,,,1,,,,,,,,,,,,,,,,,,,,,,,
91040404,"91-04-0404",173,"gavage",90,"A",,1981,,,,,1,1,1,,1,,,,1,1,,,1,,,,,1,1,,,,,,,1,,,,,1,1,,1,1,
91040405,"91-04-0405",309,"gavage",28,"A",,1981,,,,,,,,,,,,2,,1,1,,,2,,,,1,1,,,,1,,,,1,2,,1,1,,,1,1,
91040411,"91-04-0411",218,"feed",90,"A",,,,,,,,2,,,,,,,,,,,,,,,,,,,,,,,,,,,,,,,,,,
91040415,"91-04-0415",215,"feed",28,"A",,,,,,,,2,,,,2,,2,2,,,2,,,,,,,,,,,,,,,,,,,2,2,,,,
91040418,"91-04-0418",216,"gavage",28,"A",,,,,,,,,,,,,,2,,,,,,,,,,,,,,,,,,,,,,,,,,,,
91060271,"91-06-0271",512,"gavage",28,"A",,,2,,,,2,,,,,,2,1,,,,,,,,,,,,,,2,2,,2,,2,,,2,2,2,2,2,,
91060277,"91-06-0277",527,"gavage",28,"A",,,,,,,,1,,,,,,1,,1,,,2,1,1,,,2,2,1,,2,2,,,,,,,,2,2,,1,1,
91070023,"91-07-0023",615,"gavage",28,"A",,,,,,,,,,,,,2,1,,,,,,,,,,1,,,1,,1,,,,,,,,,,,,,
92030210,"92-03-0210",530,"gavage",28,"A",,,,,,,,2,,,,,,,,,2,2,,,,,,1,,,1,,1,,,,2,,,,,,,,,
92040442,"92-04-0442",338,"oral unspecified",28,"A",,,,,,,,,,,,,,,,,2,,1,,,,,,,,,,,,,,1,,,,,,,,,
92040443,"92-04-0443",397,"gavage",90,"A",,,,,,,,1,,,,,,,,,,,,1,,,,,1,,,,,,,,,,,,,,,,,
92040450,"92-04-0450",339,"feed",28,"A",,,,,,,,,,,,1,1,,,2,1,,,,,,,,,1,,1,1,,,,1,1,,1,,,,1,2,
92040454,"92-04-0454",425,"gavage",28,"A",,,,,,,,2,,,,,2,,,,,,,,,,,2,,,,,,,2,,2,,,2,,,2,,,
92040457,"92-04-0457",355,"gavage",28,"A",,1981,,2,,,,2,,,,2,,,,,,,,,,,,,,2,1,2,2,,,,,,,2,,,,2,,
92040457,"92-04-0457",356,"gavage",90,"A",,1998,,,,,,,,,,,,1,,,,,,,,,,,,,,,1,,,,,,,,,,,,,
92040460,"92-04-0460",431,"gavage",28,"A",,,,,,,,,,,,,1,,,,,,,1,,,,,,,,,,,,,1,,,,,,,,,
92040463,"92-04-0463",340,"gavage",28,"A",,,,1,,,,,,,,,,1,,,,,,,,,,1,,1,2,,1,,,,2,,,2,,,,,,
92040476,"92-04-0476",428,"gavage",28,"A",,,,1,1,,1,,,,,,1,,,1,,,,1,,,,,,,,,1,,,,,,,,1,1,,1,1,
92040480,"92-04-0480",39,"gavage",28,"A",,,,,,,,,,,,,2,,,2,,,,,,,,1,,,,,2,,,,,,,1,,,,,,
92040489,"92-04-0489",395,"gavage",28,"A",,,,1,,,1,1,,,,,1,1,,,,,,,,,,2,,1,,1,1,,2,,2,,,,,1,,1,,
92040505,"92-04-0505",241,"gavage",28,"A",,,,,,,,,,,,,,,,1,,,,,,,,,,,1,,1,,,,,,,,,,1,,,
92040508,"92-04-0508",116,"gavage",28,"A",,,1,1,,,,1,,,,1,,,,,,,1,1,1,,,1,1,1,2,,1,,1,,,,,,1,1,,1,,
92050175,"92-05-0175",531,"gavage",28,"A",,1981,,2,,,,,,,,,,,,,,,,,,,,,,,,,2,,,,,,,,,,,,,
92060397,"92-06-0397",533,"gavage",28,"A",,,,,,,,2,,,,,,,,,,,,1,,,,,,,,,,,,,,,,,,,,,,
92060399,"92-06-0399",534,"gavage",28,"A",,,,,,,,1,,,,,,,,,,,,,,,,1,,,,,1,,2,2,,,,,,,,,,
92060400,"92-06-0400",535,"gavage",28,"A",,,,,,,,2,,,,,,2,,,,,,,,,,,,,,,2,,,,,,,,,,,,,
92060413,"92-06-0413",536,"gavage",28,"A",,1995,,1,,2,,,,,,,,,,,,,,,,,,2,,,,,2,,,,,,,,,,,,,
92060418,"92-06-0418",538,"gavage",28,"A",,1981,,,,,,2,,,,,,1,,,,,,,,,,,,,,,,,,,,,,,,,,,,
92060418,"92-06-0418",539,"gavage",90,"A",,1981,,,,,1,1,,,,,,1,,,,,,,,,,,,,,,2,,,,,,,,,,1,,,
93020129,"93-02-0129",541,"gavage",28,"A",,,,,,,,,,,,,,,,,,,,,,,,,,,1,,,,,,,,,,,,,,,
93020131,"93-02-0131",542,"feed",90,"A",,1981,,,,,,1,,,,,,,,,,,,,,,,,,,,,,,,,,,,,,,,,,
93040529,"93-04-0529",384,"gavage",28,"B",,,,,,,,,,,,,2,,,,,,,,,,,,,,,,,,,,,,,2,,,,,,
93040530,"93-04-0530",424,"gavage",28,"A",,,,1,,,,,,,,1,,1,1,1,,,1,,,,,,1,1,1,1,,,,,,1,,,,1,,1,1,
93040543,"93-04-0543",223,"gavage",28,"A",,,,,,,,,,,,,,,,,,,,,,,,,,,,,,,,,1,,,,,,,,,
93040554,"93-04-0554",430,"gavage",30,"A",,,,,,,,,,,,,1,,,1,,,,,,,,,,,,,2,,,,2,2,,,,,,,1,
93040558,"93-04-0558",221,"gavage",28,"A",,1981,,1,,,,,,,,1,,,,,,2,,,,,,,,,,,,,,1,,,,,,,,2,,
93040558,"93-04-0558",222,"gavage",90,"A",,1981,,,,,,,,,,,1,,,,,,1,,,,,,1,,,,,,,,1,,1,,,,1,,,
93040560,"93-04-0560",212,"gavage",90,"A",,,,,,,,,,,,,1,,,1,,1,,,,,,,1,,,,1,,,,,1,1,,,,2,,,
93040561,"93-04-0561",347,"gavage",28,"A",,,,,,,,,,,,,,2,,1,,,,,,,,,1,,,,,,,,2,,,2,,,,,1,
93040563,"93-04-0563",119,"feed",28,"A",,,,,,,,,,,,2,,,,,,,2,,,,,,,,,,,,,,,,,,,,,,,
93040593,"93-04-0593",120,"gavage",28,"B",,1981,,2,,,,,,,,,,,,2,,,,,,,,,,,,,,,,,,2,,,,,,2,2,
93040596,"93-04-0596",224,"gavage",28,"A",,,,,,,,,,,,2,,2,,2,,,,,,,,,,,,,,,,,,,,,,,,,,
93040598,"93-04-0598",276,"feed",28,"A",,,2,,,,2,2,,,,,2,2,,,,2,,2,2,2,,,2,,,,,,,,2,,,2,2,,,2,,
93040629,"93-04-0629",264,"gavage",28,"A",,,,,,,,2,,,,,,2,,2,,,,,,,,,,,,,,,,,2,2,,,,,,2,2,
93040632,"93-04-0632",346,"gavage",28,"A",,,,,,,,,,,,,,,,1,,,,,,,,,,,,,,,,,2,,,,,,,,1,
93040634,"93-04-0634",73,"gavage",28,"A",,,,,,,,,,,,,,,,,,,1,,,,,2,,,,,,,,,,,,,,,,1,,
93040641,"93-04-0641",390,"gavage",90,"A",,,,,,,,1,,,,,,1,,,,,1,,,,,,1,,,,,,,,1,,,,1,,,,,
93040644,"93-04-0644",364,"gavage",28,"A",,,,,,,,,,,,,2,1,,,,,,,,,,1,,,,,,,,,,,1,,,,,,,
93040646,"93-04-0646",429,"feed",90,"A",,,1,,,1,,,,,1,,1,,,1,,1,,2,,,,1,,,1,,1,,,,1,1,,1,1,,,,1,
93050220,"93-05-0220",547,"gavage",28,"A",,1981,2,,,,,,,,,,,,,,,,,,,,,,,,,,,,,,,,,,,,,,,
93050238,"93-05-0238",550,"gavage",28,"A",,1981,,,,,,,,,,,,2,,,,,,,,,,,,,,,1,,,,1,,,,,,,,,
93060482,"93-06-0482",551,"feed",90,"A",,,,,,,,,,,1,,,1,,,,,,,,,,,,,,,,,,,2,,2,,,,,,,
93060534,"93-06-0534",554,"gavage",28,"A",,1995,,,,,,,,,,,,,,,,,,,,,,,,,,,2,,,,,,,,,,,,,
93060539,"93-06-0539",556,"gavage",28,"A",,,,,2,,,,,,,,2,,2,,,,,2,1,2,2,2,,,,,2,,,,2,2,,2,2,,,2,,
93060543,"93-06-0543",557,"gavage",28,"A",,1981,,,,,,2,,,,2,,2,,,,,,,,,,,,,2,,2,,,,,,,,,,,,,
93060552,"93-06-0552",558,"gavage",28,"A",,1995,,,,,,,,,,2,,,,,,,,,,,,,2,,,2,1,,,,,,,,,,,2,,
93060554,"93-06-0554",559,"gavage",28,"A",,1995,,,,,,,,,,,,,,,,,,,,,,2,,,,,,,,,,,,,,,,,,
94010311,"94-01-0311",900,"oral unspecified",28,"B",,1981,1,,,,,,,,,,,1,,,1,,,,,,,,1,1,1,,1,,,,1,,,1,,,,,,
94010319,"94-01-0319",850,"gavage",28,"A",,1981,,,,,1,,2,,,1,,1,,1,1,,,,,,,,,,1,,1,,,,1,1,,1,,,,,,
94010341,"94-01-0341",854,"gavage",28,"A",,1981,,,,,,,,,,,,,,,,,,,,,,,,,,,,,,,2,,,,,,,,,
94020140,"94-02-0140",561,"gavage",28,"A",,1981,,,,,,1,,,,,,1,,,,,,,,,,,,,1,,1,,,,,,,,,,,,,
94020153,"94-02-0153",563,"gavage",28,"A",,1981,,,,,,,,,,,,,,,,,,,,,,,,,,,2,,,,,,,,,,,,,
94030282,"94-03-0282",564,"gavage",28,"A",,1981,,,,1,1,1,,,,,,,,,,,,,,,,,,,1,,1,,,,,,,,,,,,,
94040659,"94-04-0659",176,"gavage",28,"A",,1981,,2,,,,1,,,,,,2,,2,,,2,,,,,2,,2,,,1,,,,2,,,2,,,,,2,
94040660,"94-04-0660",354,"gavage",28,"A",,,,2,,,,,,,,,,,,1,2,,,1,1,1,,2,,,1,,2,,,,1,1,,1,2,,,1,,
94040664,"94-04-0664",66,"gavage",28,"A",,,,,,,,1,,,,,2,1,,,,2,,,2,,,2,,,,,2,,,,,,,,,,,,,
94040680,"94-04-0680",255,"gavage",90,"A",,1981,,,,,,,,,,,,,,,,,,,,,,2,,,,,,,2,,,,,,2,,,,,
94040681,"94-04-0681",249,"gavage",28,"A",,,,,,2,,,,,,,,,,,,,,,,,,,,,,,,,,,,,,,,,,,,
94040687,"94-04-0687",128,"gavage",28,"A",,,,,,,,,,,,1,,,,,,,,1,,,,,,1,,,1,,,,1,,1,1,,,,,,
94040695,"94-04-0695",144,"inhalation",28,"A",,,,,,,,1,,,,,,1,,,,,,,,,,,,,,,1,,,,,,,,,,,,,
94040695,"94-04-0695",145,"feed",90,"A",,,,,,,,1,,,,,,,,,,,,,,,,,,,1,,1,,,,1,,,1,,,,,,
94050242,"94-05-0242",566,"gavage",28,"A",,,,,,,,2,,,,,2,1,,2,,,,1,,2,,2,2,,,,2,,,,2,1,2,1,2,,,2,2,
94060568,"94-06-0568",619,"gavage",28,"A",,1981,,2,,,,2,,,,1,2,,,2,,,,,,,,2,,,2,,2,,,,,,,,,,,2,,
94060572,"94-06-0572",620,"gavage",28,"A",,1995,,,,,,,,,,,,2,,,,,,,,,,,,,,,2,,,,,,,,,,,,,
94060581,"94-06-0581",621,"gavage",28,"A",,1995,,,,,2,2,,,,,,,,2,,,,,,,,2,,,,,,,,,,,,,,,,,,
94060587,"94-06-0587",622,"gavage",28,"A",,1981,1,,,,,,,,,,,,,,,,,,,,,2,,,1,,1,,,,,,,,,,,,,
94060592,"94-06-0592",624,"gavage",28,"A",,1981,,,,,1,,,,,,,,,1,1,,,,,,1,,,,,,,,,,1,,,1,1,,,,,
94060612,"94-06-0612",627,"feed",90,"A",,1998,,,,,,1,,,,,,,,,,,,,,,,,,,,,,,1,1,1,,,,,,,,,
94060616,"94-06-0616",628,"feed",28,"A",,1995,,,,,,,,,,,,,,1,,,,,,,,,,,,,,,,,,,,,1,,,,,
94060623,"94-06-0623",629,"gavage",28,"A",,1981,2,,2,,2,2,,,,2,2,2,,2,,,,2,,2,,2,2,2,1,2,2,2,2,2,2,,,2,2,,,2,2,
94060655,"94-06-0655",633,"gavage",28,"A",,1981,,1,,,1,1,,,,,1,1,,1,,,1,1,,1,,1,,,,,1,,1,1,,,,,1,1,,1,1,
94070057,"94-07-0057",635,"gavage",28,"A",,1981,,,,,,,,,,,2,,,,,,,,,,,,,,,,,,,,2,,,2,,,,,,
95010349,"95-01-0349",855,"gavage",30,"A",,,,2,,,,2,,2,,2,2,,2,2,,,2,2,,1,,,1,2,,2,1,1,,1,2,2,,2,2,,1,1,2,
95010351,"95-01-0351",856,"gavage",28,"A",,,,,,,,1,,,,,,,,,,,,,,,,,,,,,,,,,,,,,,,,,,
95010352,"95-01-0352",857,"gavage",28,"A",,,1,1,,,,1,,,,1,1,,1,1,,1,,1,,1,,,,,1,,1,,,,1,,,1,1,,1,1,1,
95010365,"95-01-0365",861,"oral unspecified",28,"A",,,,2,,,,1,,,,2,1,,,,2,,,,,,,1,,2,2,,1,,2,2,1,,,1,,,,,,
95010375,"95-01-0375",863,"gavage",28,"A",,1981,,1,,,,,,,,,,,,,,,,,,,,,2,,,,,,,,2,,,,,,,,,
95020152,"95-02-0152",636,"gavage",28,"A",,1981,,,,,,,,,2,,,2,,2,,,2,,,,,,2,,,,,,,,,2,2,2,2,,,2,2,
95030312,"95-03-0312",642,"gavage",28,"A",,1981,2,2,,,,,,,,,,2,,2,,,,,,,,2,,,,,2,,,,,,,,2,,,,2,
95030322,"95-03-0322",645,"gavage",28,"A",,,,,,,,,,,,,,2,,,,,,,,,,,,2,,,,,,,2,,,2,,,,,,
95040733,"95-04-0733",174,"gavage",28,"A",,,,,,,,2,,,,2,,,,,,,,,,,,,,,,,2,,,,,,,,2,,,,,
95040735,"95-04-0735",366,"gavage",28,"A",,,,,,,,,,,,1,,,,2,,,,,,,,,,,,,,,,,2,1,,,,,,,2,
95040745,"95-04-0745",350,"gavage",28,"A",,1981,,,,,2,,,,,,,2,,,,,1,,,,,1,2,1,1,1,1,,,,,,,,,1,,1,,
95040746,"95-04-0746",130,"gavage",28,"A",,,,,,,,,,,,,,,,,,,2,,,,,,,,,,,,,,,,,,,,,,,
95040749,"95-04-0749",365,"feed",28,"A",,,,,,,,1,,,,,,,,,,,,,,,,,,,,,,,,,,,,,,,,,,
95040760,"95-04-0760",228,"gavage",28,"A",,,,,,,,,,,,,,,,,,,,,,,,,,,,,,,,,2,,,2,,,,,,
95040763,"95-04-0763",132,"gavage",28,"A",,,,,,,1,,,,,,,,,,,,,,2,,,2,2,2,,2,,,,,1,,,,2,,,2,,
95040766,"95-04-0766",358,"feed",90,"A",,,,,,,,1,,,,1,1,,1,1,,,,,,,,,,,,,1,,,,1,,,1,,,,,,
95040780,"95-04-0780",233,"gavage",28,"A",,,,,,,,,,,,,,,,,,,,,,,,,,,,,2,,,,,,,,,,,,,
95040786,"95-04-0786",394,"gavage",28,"A",,,,,,,,,,,,,,1,,,,,,1,,,,,,,1,,2,,,,,,,,,,,,,
95060661,"95-06-0661",648,"gavage",28,"A",,1981,,,,,,,,,,,,,,,,1,,,,,,1,,,,,,,,,,,,,,,,,,
95060662,"95-06-0662",649,"gavage",28,"A",,1981,,,,,,,,,,2,,,,,,,,,,,,,,,,,,,,,,,,2,2,,,,,
95060667,"95-06-0667",651,"gavage",28,"A",,1981,,2,,,,,,,,,,,,,,,,,,,,,1,,1,,1,,,,,,,,,,,,,
95060685,"95-06-0685",653,"gavage",28,"A",,1981,,,,,,,,,,,,,,,,,1,,,,,,,,,,,,,,,,,,,,,,,
95060701,"95-06-0701",655,"gavage",28,"A",,1995,,2,,,,,,,,,,,,,,,,2,,,,,,,,,,,,,,,,,,,,,,
95060707,"95-06-0707",656,"gavage",28,"A",,1995,,,,,,,,,,,,,,,,,,,,,,,,,,,2,,,,,,,,,,,,,
95060709,"95-06-0709",657,"gavage",28,"A",,1981,,,,,1,,,,,,1,,,,,,1,1,,,,2,1,,1,,2,,,,,,,,2,,,,,
95060725,"95-06-0725",659,"gavage",28,"A",,1981,,,,,,,,,,,,,,1,,,,,1,,,1,,,1,,1,,,,,,,,1,,,1,1,
95060758,"95-06-0758",664,"gavage",28,"A",,1981,,,,,,,,,,,,2,,,,,,,,,,,,,2,2,2,,,,,,,,,,,2,,
95070064,"95-07-0064",665,"gavage",28,"A",,1981,,1,,1,,,,,,,,1,,1,,,,,,,,,,,,,,,,,1,,,1,,,,1,,
95070066,"95-07-0066",666,"gavage",28,"A",,1981,,,,,,,,,,1,1,,,2,,,,,,,,2,,,,,2,,,,2,,,2,,,,,,
95070067,"95-07-0067",667,"gavage",28,"A",,,,,,,,,,,,,2,,,,,,,,,,,,,,,,,,,,,,,,,,,,,
95070078,"95-07-0078",669,"gavage",28,"A",,1981,,,,,,,,,,1,2,,,,,,,,,,,2,,,,,,,,,,,,,,,,,,
95150005,"95-15-0005",671,"gavage",28,"A",,1981,1,,,,,,,,,,,1,,,,,,,,,,,,,,,,,,,,,,,,,,,,
96010384,"96-01-0384",864,"gavage",90,"A",,1981,,,,,,,,,,,,2,,,,,,,,,,,,,,,,,,,,,,,,,,,,
96010391,"96-01-0391",867,"gavage",28,"A",,1981,,2,,,,,,,,,,,,,,,,1,,,,2,,2,2,,2,,,,,,,,1,,,,,
96010394,"96-01-0394",868,"gavage",28,"A",,1981,,2,,,2,,,,,2,2,2,,2,2,,,2,2,2,,2,,,,,2,,2,,2,,,2,2,,,2,2,
96010404,"96-01-0404",870,"gavage",28,"A",,1981,,1,,,,,,,,,,,,,,,,,,,,,,,,,,,,,,,,,,,1,,,
96010420,"96-01-0420",874,"gavage",28,"A",,1981,,,,,,,,,,,,2,,,,,,,,,,2,,,,,2,,,,,,,,,,2,,,
96030330,"96-03-0330",677,"gavage",28,"A",,,,,,,,2,,,,,2,1,,2,,,,2,,,,,2,1,,,2,,,,2,2,,2,2,,,2,,
96030345,"96-03-0345",678,"gavage",28,"A",,1981,1,,,,,,,,,,,,,,,,,,,,,,,,,,,,,,,,,,,,,,,
96030346,"96-03-0346",679,"feed",28,"A",,1981,,,,,1,,,,,1,,,,2,,,1,,,,,,1,1,,,,,,,1,,,,1,,,,,
96030358,"96-03-0358",681,"gavage",28,"A",,1981,,,,,,,,,,,,,,,,,,,,,,,,,,,2,,,,,,,,,,,,,
96040821,"96-04-0821",186,"gavage",28,"A",,,,,,,,,,,,,,,,,,,,,,,,,,,,,2,,,,1,,,,,,,,,
96040850,"96-04-0850",367,"gavage",28,"A",,,,,,,,,,,,,,,,1,,,,2,,,,,,,,,,,1,,,,,,,,,,,
96040857,"96-04-0857",67,"gavage",28,"A",,,,2,,,,2,,,,,,2,,,,,,,,,,,,,,,2,,,,,,,,,2,,,,
96040874,"96-04-0874",187,"gavage",28,"A",,,,,,,,,,,,,2,,,2,,,,1,,2,,2,2,,2,2,2,,,,,,,,,,,2,,
96040881,"96-04-0881",420,"gavage",28,"A",,1981,,,,,,1,,,,,,,,,,,,,,,,,,,,,,,,,,,,,,,,,,
96040885,"96-04-0885",184,"gavage",28,"A",,,,,,,,2,,,,,,,,,,,,,,,,,,,,,,,,,2,,,,,,,,,
96040894,"96-04-0894",188,"gavage",28,"A",,,,,,,,,,,,,1,,,,,,,,,,,,,,,,,,,,,,,,,,,,,
96040902,"96-04-0902",68,"gavage",28,"A",,,,,,,1,,,,,,,,,2,,,,2,,,,,,,,,,1,1,1,1,,,1,2,,,,,
96060781,"96-06-0781",688,"gavage",28,"A",,1981,1,,,1,,,,,,,,,,,,,,1,,1,,1,,,,,,,1,,,,,,,,,1,,
96060795,"96-06-0795",692,"gavage",28,"A",,1981,,,,1,,1,,,,,,1,,,,,,,,,,,,,2,,2,,,,,,,,,,,,,
96060800,"96-06-0800",693,"gavage",28,"A",,1981,,,,,2,,,,,2,,,,2,,,,,,,,,,,,,,,,,,,,,,2,,,,
96060818,"96-06-0818",694,"gavage",28,"A",,1981,,,,,,2,,,,,1,2,2,2,,,2,2,,,,,2,2,,,,,2,,2,,,,2,2,,2,2,
96060830,"96-06-0830",695,"gavage",28,"A",,1981,,,,,,1,,,,,,,2,2,,,,,,,,,,,,,,2,2,2,1,,,2,,,,2,1,
96060841,"96-06-0841",697,"gavage",28,"A",,1981,,,,,2,,,,,,,2,,2,,,,,,,,,,,2,1,1,,,,2,,,2,,,,2,2,
96060842,"96-06-0842",698,"gavage",28,"A",,1981,,2,,,,,,,,,,,,,,,,,,,,,,,,,2,,,,,,,,,,,,,
96060845,"96-06-0845",699,"gavage",28,"A",,1981,,1,,,,,,,2,,1,2,1,,,,,,1,,,2,,,,,2,,1,1,,,,,2,2,,,,
96060859,"96-06-0859",702,"gavage",28,"A",,1981,2,,,,,2,,,,,,,,,,,,,,,,2,,,,,2,,,,2,,,,,,,,,
96060872,"96-06-0872",704,"gavage",28,"A",,1995,,,,,,,,,,,,,,,,,,,,,,,1,1,1,,1,,,,,,,,,,,,,
96060876,"96-06-0876",705,"gavage",28,"A",,1981,,,,,,1,,,,,1,,,2,,,,2,,2,,,,,,,,,,,,,,,,,,2,,
96070087,"96-07-0087",710,"gavage",28,"A",,1981,,,,,,,,,,,,,2,1,,,,,,,,,,,,,,,2,2,,,,,,,,2,2,
96070088,"96-07-0088",711,"gavage",28,"A",,1981,,,,,2,1,,,,,2,,,2,,,,,,,1,2,,,,,,,,,2,,,,,,,,2,
96070090,"96-07-0090",712,"gavage",28,"A",,1981,,,,,,,,,,,,,,,,,,2,,,2,,,,,,,,,,,,,,,,,,,
96070096,"96-07-0096",714,"gavage",28,"A",,1981,,,,,,,,,,,,2,,,,,,2,2,,2,,,,,,,,,,2,,,2,,,,,,
96070101,"96-07-0101",715,"gavage",28,"A",,1981,2,,,,2,,,,,,2,,,,2,,,,2,2,,1,,2,2,,1,,,,,,,,,,,2,,
96110124,"96-11-0124",716,"gavage",28,"A",,,,,,2,,,,2,,,2,,,2,2,,,1,1,2,,2,,,,,,,,,2,2,,,2,,,2,2,
96110130,"96-11-0130",717,"gavage",28,"A",,,,,,,,,,,,,,,,,,,,2,,1,,,,,2,1,2,,,,,,,,,,,1,,
96140012,"96-14-0012",719,"gavage",28,"A",,1981,,,,,,,,,,,2,,,,,,,2,,,,,,,,,,,,,2,,,2,,,,,,
97010449,"97-01-0449",879,"gavage",28,"A",,,1,1,,,,1,,,,1,1,,,2,,,,1,,,,,,,1,,1,,,,,,,,2,,,2,2,
97010463,"97-01-0463",882,"gavage",28,"A",,,,,,,,,,,,2,2,,,,,,,,,,,,,,,,2,,,,,,,,,,,,,
97010476,"97-01-0476",884,"gavage",28,"A",,1981,,,,,,,,,,,,1,,,,,,1,,,,,2,,,,1,,,,,,,,,,,,,
97010478,"97-01-0478",885,"gavage",28,"A",,1981,,,,,,,,,,2,2,,,2,,,,,,,,,,,,,2,,,,2,,,,,,,2,2,
97010499,"97-01-0499",887,"gavage",28,"A",,1981,,,,,,,,,,,,1,,,,,,,,,,,,,,,,,,,,,,,,,,,,
97020200,"97-02-0200",724,"gavage",28,"A",,1981,,,,,1,1,,,,,,1,,1,,,,,,,,,,1,,,,,,,,,,,1,1,,,1,
97030383,"97-03-0383",729,"gavage",28,"A",,1981,,,,,,,,,,,,,,,,,,,,,,,,,,,,,,,2,,,,1,,,,,
97030403,"97-03-0403",732,"gavage",28,"A",,,,,,,,,,,,1,1,,,,,,,,,,,,,,,,,,,,1,,,1,,,,,,
97040917,"97-04-0917",296,"gavage",28,"A",,1981,,,,,,,,,,,,,,,,,,,,,,,,,,,,,,,,,,,2,,,,,
97040925,"97-04-0925",169,"gavage",28,"A",,1995,,,,,,,,,,,,,,,,,,,,,,,,,,,2,,,,,,,,,,,,,
97040927,"97-04-0927",360,"gavage",28,"A",,,,,,,,,,,,,,,,,,2,,,,,,1,,,,2,,,,,,,,,,,,2,,
97040931,"97-04-0931",333,"gavage",28,"A",,,,,,,,2,,,,,,,,,,,,,,,,,,,,,,,,,,,,1,,,,,,
97040934,"97-04-0934",383,"gavage",28,"A",,,,,,,,,,,,,,,,,,,,1,,1,,1,,1,,,,,,,,,,,,,,1,,
97040939,"97-04-0939",71,"feed",90,"A",,,,,,,,,,,,,,,,,,,,,,,,,,,,,2,,,,,,,,,,,,,
97040952,"97-04-0952",181,"gavage",28,"A",,,,,,,,1,,,,,,1,,,,,,,,1,,,,,,,,,,,1,,,1,,,,1,,
97040958,"97-04-0958",191,"gavage",28,"A",,,,,,,,,,,,,,2,,2,,,,,,,,,,,,,,,,,,,,,,,,,,
97040981,"97-04-0981",359,"gavage",28,"A",,,,,,,,,,,,,,,,,2,,,,,,,2,,,,,1,,,2,1,,,1,1,,1,1,,
97040995,"97-04-0995",345,"gavage",28,"A",,,2,1,,,,2,,,,2,1,,1,,,,,,,,,,,,,,1,2,,,2,,,2,,,1,,,
97040999,"97-04-0999",236,"gavage",28,"A",,,,,,,,,,,,,2,2,,,,,,,,,,,,,,,,,,,,,,,,,,,,
97041007,"97-04-1007",361,"gavage",28,"A",,,,,,,,1,,,,,,,,,,,,,,,,,,,,,,,,,,,,,,,,,,
97050280,"97-05-0280",733,"gavage",28,"A",,1981,,,,,,,,,,,,,,,,,,,,,,,,,2,,,,,,,,,,,,,,,
97050289,"97-05-0289",737,"feed",28,"A",,1981,1,,,,,,,,,2,2,,,,,,,,,,,,,,,,2,,,,,,,,,,,,,
97050293,"97-05-0293",738,"gavage",28,"A",,1981,,1,,,,1,,,,,,1,,1,,,1,1,,,,,1,,,,,,,,,,,,,,,,,
97060897,"97-06-0897",740,"gavage",90,"A",,1981,,,,,,,,,,,,2,,2,,,,2,,1,,2,,,,2,2,,,,,,,,,,,1,2,
97060905,"97-06-0905",742,"gavage",28,"A",,1995,,,,,,1,,,,,1,1,,,,,,1,,1,,1,,,1,1,1,,,,2,,,,,,,1,,
97060909,"97-06-0909",743,"gavage",28,"A",,1981,,,,,,,,,,,,1,,,,,,,,1,,2,,,2,,1,,,,,,,,,,,1,,
97060912,"97-06-0912",745,"gavage",28,"A",,,,,,,,,,,,1,,,1,,,,,,,,,,,2,,1,,,,,,,,,,,,2,,
